MemberNo,ClaimedCode,ClaimedDate,EmailID
1001,XHNEBCHQW,10/10/2024,8219
1002,XHNEBCHQW,10/10/2024,8219
1088,XHNEBCHQW,10/10/2024,8219
1089,XHNEBCHQW,10/10/2024,8219
1090,XHNEBCHQW,10/10/2024,8219
1091,XHNEBCHQW,10/10/2024,8219
1092,XHNEBCHQW,10/10/2024,8219
1093,XHNEBCHQW,10/10/2024,8219
1094,XHNEBCHQW,10/10/2024,8219
1095,XHNEBCHQW,10/10/2024,8219
1096,XHNEBCHQW,10/10/2024,8219
1097,XHNEBCHQW,10/10/2024,8219
1098,XHNEBCHQW,10/10/2024,8219
1099,XHNEBCHQW,10/10/2024,8219
1100,XHNEBCHQW,10/10/2024,8219
1101,XHNEBCHQW,10/10/2024,8219
1102,XHNEBCHQW,10/10/2024,8219
1103,XHNEBCHQW,10/10/2024,8219
1104,XHNEBCHQW,10/10/2024,8219
1105,XHNEBCHQW,10/10/2024,8219
1112,XHNEBCHQW,10/10/2024,8219
1469,XHNEBCHQW,10/10/2024,8219
1470,XHNEBCHQW,10/10/2024,8219
1471,XHNEBCHQW,10/10/2024,8219
1472,XHNEBCHQW,10/10/2024,8219
1473,XHNEBCHQW,10/10/2024,8219
1474,XHNEBCHQW,10/10/2024,8219
1475,XHNEBCHQW,10/10/2024,8219
1476,XHNEBCHQW,10/10/2024,8219
1477,XHNEBCHQW,10/10/2024,8219
1205,XHNEBCHQW,17/10/2024,9723
1206,XHNEBCHQW,17/10/2024,9723
1207,XHNEBCHQW,17/10/2024,9723
1208,XHNEBCHQW,17/10/2024,9723
1209,XHNEBCHQW,17/10/2024,9723
1210,XHNEBCHQW,17/10/2024,9723
1227,XHNEBCHQW,17/10/2024,9723
1228,XHNEBCHQW,17/10/2024,9723
1242,XHNEBCHQW,17/10/2024,9723
1243,XHNEBCHQW,17/10/2024,9723
1244,XHNEBCHQW,17/10/2024,9723
1245,XHNEBCHQW,17/10/2024,9723
1246,XHNEBCHQW,17/10/2024,9723
1247,XHNEBCHQW,17/10/2024,9723
1248,XHNEBCHQW,17/10/2024,9723
1249,XHNEBCHQW,17/10/2024,9723
1250,XHNEBCHQW,17/10/2024,9723
1251,XHNEBCHQW,17/10/2024,9723
1252,XHNEBCHQW,17/10/2024,9723
1253,XHNEBCHQW,17/10/2024,9723
1254,XHNEBCHQW,17/10/2024,9723
1255,XHNEBCHQW,17/10/2024,9723
1256,XHNEBCHQW,17/10/2024,9723
1257,XHNEBCHQW,17/10/2024,9723
1364,XHNEBCHQW,17/10/2024,9723
1365,XHNEBCHQW,17/10/2024,9723
1366,XHNEBCHQW,17/10/2024,9723
1367,XHNEBCHQW,17/10/2024,9723
1368,XHNEBCHQW,17/10/2024,9723
1369,XHNEBCHQW,17/10/2024,9723
1370,XHNEBCHQW,17/10/2024,9723
1371,XHNEBCHQW,17/10/2024,9723
1372,XHNEBCHQW,17/10/2024,9723
1373,XHNEBCHQW,17/10/2024,9723
1374,XHNEBCHQW,17/10/2024,9723
1396,XHNEBCHQW,17/10/2024,9723
1397,XHNEBCHQW,17/10/2024,9723
1398,XHNEBCHQW,17/10/2024,9723
1399,XHNEBCHQW,17/10/2024,9723
1400,XHNEBCHQW,17/10/2024,9723
1401,XHNEBCHQW,17/10/2024,9723
1402,XHNEBCHQW,17/10/2024,9723
1403,XHNEBCHQW,17/10/2024,9723
1421,XHNEBCHQW,17/10/2024,9723
1425,XHNEBCHQW,17/10/2024,9723
1426,XHNEBCHQW,17/10/2024,9723
1427,XHNEBCHQW,17/10/2024,9723
1428,XHNEBCHQW,17/10/2024,9723
1429,XHNEBCHQW,17/10/2024,9723
1430,XHNEBCHQW,17/10/2024,9723
1431,XHNEBCHQW,17/10/2024,9723
1442,XHNEBCHQW,17/10/2024,9723
1443,XHNEBCHQW,17/10/2024,9723
1444,XHNEBCHQW,17/10/2024,9723
1445,XHNEBCHQW,17/10/2024,9723
1446,XHNEBCHQW,17/10/2024,9723
1447,XHNEBCHQW,17/10/2024,9723
1297,XHNEBCHQW,22/10/2024,3421
1298,XHNEBCHQW,22/10/2024,3421
1299,XHNEBCHQW,22/10/2024,3421
1300,XHNEBCHQW,22/10/2024,3421
1301,XHNEBCHQW,22/10/2024,3421
1302,XHNEBCHQW,22/10/2024,3421
1303,XHNEBCHQW,22/10/2024,3421
1304,XHNEBCHQW,22/10/2024,3421
1305,XHNEBCHQW,22/10/2024,3421
1306,XHNEBCHQW,22/10/2024,3421
1307,XHNEBCHQW,22/10/2024,3421
1308,XHNEBCHQW,22/10/2024,3421
1309,XHNEBCHQW,22/10/2024,3421
1310,XHNEBCHQW,22/10/2024,3421
1311,XHNEBCHQW,22/10/2024,3421
1312,XHNEBCHQW,22/10/2024,3421
1313,XHNEBCHQW,22/10/2024,3421
1314,XHNEBCHQW,22/10/2024,3421
1315,XHNEBCHQW,22/10/2024,3421
1316,XHNEBCHQW,22/10/2024,3421
1317,XHNEBCHQW,22/10/2024,3421
1318,XHNEBCHQW,22/10/2024,3421
1319,XHNEBCHQW,22/10/2024,3421
1320,XHNEBCHQW,22/10/2024,3421
1321,XHNEBCHQW,22/10/2024,3421
1322,XHNEBCHQW,22/10/2024,3421
1323,XHNEBCHQW,22/10/2024,3421
1324,XHNEBCHQW,22/10/2024,3421
1325,XHNEBCHQW,22/10/2024,3421
1344,XHNEBCHQW,22/10/2024,3421
1345,XHNEBCHQW,22/10/2024,3421
1346,XHNEBCHQW,22/10/2024,3421