JobID,ListID,BatchID,SubscriberKey,EventDate,TriggererSendDefinitionObjectID,IsUnique
12345,104,1,1026,10/10/2024,22003344,TRUE
12345,104,1,1027,10/10/2024,22003344,TRUE
12345,104,1,1028,10/10/2024,22003344,TRUE
12345,104,1,1029,10/10/2024,22003344,TRUE
12345,104,1,1030,10/10/2024,22003344,TRUE
12345,104,1,1031,10/10/2024,22003344,TRUE
12345,104,1,1032,10/10/2024,22003344,TRUE
12345,104,1,1033,10/10/2024,22003344,TRUE
12345,104,1,1034,10/10/2024,22003344,TRUE
12345,104,1,1035,10/10/2024,22003344,TRUE
12345,104,1,1036,10/10/2024,22003344,TRUE
12345,104,1,1037,10/10/2024,22003344,TRUE
12345,104,1,1038,10/10/2024,22003344,TRUE
12345,104,1,1039,10/10/2024,22003344,TRUE
12345,104,1,1040,10/10/2024,22003344,TRUE
12345,104,1,1041,10/10/2024,22003344,TRUE
12345,104,1,1042,10/10/2024,22003344,TRUE
12345,104,1,1043,10/10/2024,22003344,TRUE
12345,104,1,1044,10/10/2024,22003344,TRUE
12345,104,1,1045,10/10/2024,22003344,TRUE
12345,104,1,1046,10/10/2024,22003344,TRUE
12345,104,1,1047,10/10/2024,22003344,TRUE
12345,104,1,1048,10/10/2024,22003344,TRUE
12345,104,1,1049,10/10/2024,22003344,TRUE
12345,104,1,1050,10/10/2024,22003344,TRUE
12345,104,1,1051,10/10/2024,22003344,TRUE
12345,104,1,1052,10/10/2024,22003344,TRUE
12345,104,1,1053,10/10/2024,22003344,TRUE
12345,104,1,1054,10/10/2024,22003344,TRUE
12345,104,1,1055,10/10/2024,22003344,TRUE
12345,104,1,1056,10/10/2024,22003344,TRUE
12345,104,1,1057,10/10/2024,22003344,TRUE
12345,104,1,1069,10/10/2024,22003344,TRUE
12345,104,1,1070,10/10/2024,22003344,TRUE
12345,104,1,1071,10/10/2024,22003344,TRUE
12345,104,1,1072,10/10/2024,22003344,TRUE
12345,104,1,1073,10/10/2024,22003344,TRUE
12345,104,1,1074,10/10/2024,22003344,TRUE
12345,104,1,1075,10/10/2024,22003344,TRUE
12345,104,1,1076,10/10/2024,22003344,TRUE
12345,104,1,1077,10/10/2024,22003344,TRUE
12345,104,1,1078,10/10/2024,22003344,TRUE
12345,104,1,1079,10/10/2024,22003344,TRUE
12345,104,1,1080,10/10/2024,22003344,TRUE
12345,104,1,1081,10/10/2024,22003344,TRUE
12345,104,1,1082,10/10/2024,22003344,TRUE
12345,104,1,1083,10/10/2024,22003344,TRUE
12345,104,1,1084,10/10/2024,22003344,TRUE
12345,104,1,1085,10/10/2024,22003344,TRUE
12345,104,1,1086,10/10/2024,22003344,TRUE
12345,104,1,1087,10/10/2024,22003344,TRUE
12345,104,1,1088,10/10/2024,22003344,TRUE
12345,104,1,1089,10/10/2024,22003344,TRUE
12345,104,1,1090,10/10/2024,22003344,TRUE
12345,104,1,1091,10/10/2024,22003344,TRUE
12345,104,1,1092,10/10/2024,22003344,TRUE
12345,104,1,1093,10/10/2024,22003344,TRUE
12345,104,1,1094,10/10/2024,22003344,TRUE
12345,104,1,1095,10/10/2024,22003344,TRUE
12345,104,1,1096,10/10/2024,22003344,TRUE
12345,104,1,1097,10/10/2024,22003344,TRUE
12345,104,1,1098,10/10/2024,22003344,TRUE
12345,104,1,1099,10/10/2024,22003344,TRUE
12345,104,1,1100,10/10/2024,22003344,TRUE
12345,104,1,1101,10/10/2024,22003344,TRUE
12345,104,1,1102,10/10/2024,22003344,TRUE
12345,104,1,1103,10/10/2024,22003344,TRUE
12345,104,1,1104,10/10/2024,22003344,TRUE
12345,104,1,1105,10/10/2024,22003344,TRUE
12345,104,1,1106,10/10/2024,22003344,TRUE
12345,104,1,1107,10/10/2024,22003344,TRUE
12345,104,1,1108,10/10/2024,22003344,TRUE
12345,104,1,1109,10/10/2024,22003344,TRUE
12345,104,1,1110,10/10/2024,22003344,TRUE
12345,104,1,1111,10/10/2024,22003344,TRUE
12345,104,1,1112,10/10/2024,22003344,TRUE
12345,104,1,1113,10/10/2024,22003344,TRUE
12345,104,1,1114,10/10/2024,22003344,TRUE
12345,104,1,1115,10/10/2024,22003344,TRUE
12345,104,1,1116,10/10/2024,22003344,TRUE
12345,104,1,1117,10/10/2024,22003344,TRUE
12345,104,1,1118,10/10/2024,22003344,TRUE
12345,104,1,1119,10/10/2024,22003344,TRUE
12345,104,1,1139,10/10/2024,22003344,TRUE
12345,104,1,1140,10/10/2024,22003344,TRUE
12345,104,1,1141,10/10/2024,22003344,TRUE
12345,104,1,1142,10/10/2024,22003344,TRUE
12345,104,1,1143,10/10/2024,22003344,TRUE
12345,104,1,1144,10/10/2024,22003344,TRUE
12345,104,1,1145,10/10/2024,22003344,TRUE
12345,104,1,1146,10/10/2024,22003344,TRUE
12345,104,1,1147,10/10/2024,22003344,TRUE
12345,104,1,1148,10/10/2024,22003344,TRUE
12345,104,1,1149,10/10/2024,22003344,TRUE
12345,104,1,1150,10/10/2024,22003344,TRUE
12345,104,1,1151,10/10/2024,22003344,TRUE
12345,104,1,1152,10/10/2024,22003344,TRUE
12345,104,1,1153,10/10/2024,22003344,TRUE
12345,104,1,1154,10/10/2024,22003344,TRUE
12345,104,1,1155,10/10/2024,22003344,TRUE
12345,104,1,1156,10/10/2024,22003344,TRUE
12345,104,1,1157,10/10/2024,22003344,TRUE
12345,104,1,1158,10/10/2024,22003344,TRUE
12345,104,1,1159,10/10/2024,22003344,TRUE
12345,104,1,1160,10/10/2024,22003344,TRUE
12345,104,1,1161,10/10/2024,22003344,TRUE
12345,104,1,1162,10/10/2024,22003344,TRUE
12345,104,1,1163,10/10/2024,22003344,TRUE
12345,104,1,1164,10/10/2024,22003344,TRUE
12345,104,1,1165,10/10/2024,22003344,TRUE
12345,104,1,1166,10/10/2024,22003344,TRUE
12345,104,1,1167,10/10/2024,22003344,TRUE
12345,104,1,1168,10/10/2024,22003344,TRUE
12345,104,1,1169,10/10/2024,22003344,TRUE
12345,104,1,1170,10/10/2024,22003344,TRUE
12345,104,1,1171,10/10/2024,22003344,TRUE
12345,104,1,1172,10/10/2024,22003344,TRUE
12345,104,1,1173,10/10/2024,22003344,TRUE
12345,104,1,1174,10/10/2024,22003344,TRUE
12345,104,1,1175,10/10/2024,22003344,TRUE
12345,104,1,1176,10/10/2024,22003344,TRUE
12345,104,1,1177,10/10/2024,22003344,TRUE
12345,104,1,1178,10/10/2024,22003344,TRUE
12345,104,1,1179,10/10/2024,22003344,TRUE
12345,104,1,1180,10/10/2024,22003344,TRUE
12345,104,1,1181,10/10/2024,22003344,TRUE
12345,104,1,1182,10/10/2024,22003344,TRUE
12345,104,1,1183,10/10/2024,22003344,TRUE
12345,104,1,1184,10/10/2024,22003344,TRUE
12345,104,1,1185,10/10/2024,22003344,TRUE
12345,104,1,1186,10/10/2024,22003344,TRUE
12345,104,1,1187,10/10/2024,22003344,TRUE
12345,104,1,1188,10/10/2024,22003344,TRUE
12345,104,1,1189,10/10/2024,22003344,TRUE
12345,104,1,1190,10/10/2024,22003344,TRUE
12345,104,1,1191,10/10/2024,22003344,TRUE
12345,104,1,1192,10/10/2024,22003344,TRUE
12345,104,1,1193,10/10/2024,22003344,TRUE
12345,104,1,1194,10/10/2024,22003344,TRUE
12345,104,1,1195,10/10/2024,22003344,TRUE
12345,104,1,1196,10/10/2024,22003344,TRUE
12345,104,1,1197,10/10/2024,22003344,TRUE
12345,104,1,1198,10/10/2024,22003344,TRUE
12345,104,1,1199,10/10/2024,22003344,TRUE
12345,104,1,1200,10/10/2024,22003344,TRUE
12345,104,1,1201,10/10/2024,22003344,TRUE
12345,104,1,1202,10/10/2024,22003344,TRUE
12345,104,1,1203,10/10/2024,22003344,TRUE
12345,104,1,1204,10/10/2024,22003344,TRUE
12345,104,1,1205,10/10/2024,22003344,TRUE
12345,104,1,1206,10/10/2024,22003344,TRUE
12345,104,1,1207,10/10/2024,22003344,TRUE
12345,104,1,1208,10/10/2024,22003344,TRUE
12345,104,1,1209,10/10/2024,22003344,TRUE
12345,104,1,1210,10/10/2024,22003344,TRUE
12345,104,1,1320,10/10/2024,22003344,TRUE
12345,104,1,1321,10/10/2024,22003344,TRUE
12345,104,1,1322,10/10/2024,22003344,TRUE
12345,104,1,1323,10/10/2024,22003344,TRUE
12345,104,1,1324,10/10/2024,22003344,TRUE
12345,104,1,1325,10/10/2024,22003344,TRUE
12345,104,1,1326,10/10/2024,22003344,TRUE
12345,104,1,1327,10/10/2024,22003344,TRUE
12345,104,1,1328,10/10/2024,22003344,TRUE
12345,104,1,1329,10/10/2024,22003344,TRUE
12345,104,1,1330,10/10/2024,22003344,TRUE
12345,104,1,1331,10/10/2024,22003344,TRUE
12345,104,1,1332,10/10/2024,22003344,TRUE
12345,104,1,1333,10/10/2024,22003344,TRUE
12345,104,1,1334,10/10/2024,22003344,TRUE
12345,104,1,1335,10/10/2024,22003344,TRUE
12345,104,1,1336,10/10/2024,22003344,TRUE
12345,104,1,1337,10/10/2024,22003344,TRUE
12345,104,1,1338,10/10/2024,22003344,TRUE
12345,104,1,1339,10/10/2024,22003344,TRUE
12345,104,1,1340,10/10/2024,22003344,TRUE
12345,104,1,1341,10/10/2024,22003344,TRUE
12345,104,1,1342,10/10/2024,22003344,TRUE
12345,104,1,1343,10/10/2024,22003344,TRUE
12345,104,1,1344,10/10/2024,22003344,TRUE
12345,104,1,1345,10/10/2024,22003344,TRUE
12345,104,1,1346,10/10/2024,22003344,TRUE
12345,104,1,1347,10/10/2024,22003344,TRUE
12345,104,1,1348,10/10/2024,22003344,TRUE
12345,104,1,1349,10/10/2024,22003344,TRUE
12345,104,1,1350,10/10/2024,22003344,TRUE
12345,104,1,1351,10/10/2024,22003344,TRUE
12345,104,1,1352,10/10/2024,22003344,TRUE
12345,104,1,1353,10/10/2024,22003344,TRUE
12345,104,1,1354,10/10/2024,22003344,TRUE
12345,104,1,1355,10/10/2024,22003344,TRUE
12345,104,1,1356,10/10/2024,22003344,TRUE
12345,104,1,1357,10/10/2024,22003344,TRUE
12345,104,1,1358,10/10/2024,22003344,TRUE
12345,104,1,1359,10/10/2024,22003344,TRUE
12345,104,1,1360,10/10/2024,22003344,TRUE
12345,104,1,1361,10/10/2024,22003344,TRUE
12345,104,1,1362,10/10/2024,22003344,TRUE
12345,104,1,1363,10/10/2024,22003344,TRUE
12345,104,1,1364,10/10/2024,22003344,TRUE
12345,104,1,1365,10/10/2024,22003344,TRUE
12345,104,1,1366,10/10/2024,22003344,TRUE
12345,104,1,1367,10/10/2024,22003344,TRUE
12345,104,1,1368,10/10/2024,22003344,TRUE
12345,104,1,1369,10/10/2024,22003344,TRUE
12345,104,1,1370,10/10/2024,22003344,TRUE
12345,104,1,1371,10/10/2024,22003344,TRUE
12345,104,1,1372,10/10/2024,22003344,TRUE
12345,104,1,1373,10/10/2024,22003344,TRUE
12345,104,1,1374,10/10/2024,22003344,TRUE
12345,104,1,1375,10/10/2024,22003344,TRUE
12345,104,1,1376,10/10/2024,22003344,TRUE
12345,104,1,1377,10/10/2024,22003344,TRUE
12345,104,1,1378,10/10/2024,22003344,TRUE
12345,104,1,1379,10/10/2024,22003344,TRUE
12345,104,1,1380,10/10/2024,22003344,TRUE
12345,104,1,1381,10/10/2024,22003344,TRUE
12345,104,1,1382,10/10/2024,22003344,TRUE
12345,104,1,1383,10/10/2024,22003344,TRUE
12345,104,1,1384,10/10/2024,22003344,TRUE
12345,104,1,1385,10/10/2024,22003344,TRUE
12345,104,1,1386,10/10/2024,22003344,TRUE
12345,104,1,1387,10/10/2024,22003344,TRUE
12345,104,1,1388,10/10/2024,22003344,TRUE
12345,104,1,1389,10/10/2024,22003344,TRUE
12345,104,1,1390,10/10/2024,22003344,TRUE
12345,104,1,1391,10/10/2024,22003344,TRUE
12345,104,1,1392,10/10/2024,22003344,TRUE
12345,104,1,1393,10/10/2024,22003344,TRUE
12345,104,1,1394,10/10/2024,22003344,TRUE
12345,104,1,1395,10/10/2024,22003344,TRUE
12345,104,1,1396,10/10/2024,22003344,TRUE
12345,104,1,1397,10/10/2024,22003344,TRUE
12345,104,1,1398,10/10/2024,22003344,TRUE
12345,104,1,1399,10/10/2024,22003344,TRUE
12345,104,1,1400,10/10/2024,22003344,TRUE
12345,104,1,1401,10/10/2024,22003344,TRUE
12345,104,1,1402,10/10/2024,22003344,TRUE
12345,104,1,1403,10/10/2024,22003344,TRUE
12345,104,1,1404,10/10/2024,22003344,TRUE
12345,104,1,1405,10/10/2024,22003344,TRUE
12345,104,1,1406,10/10/2024,22003344,TRUE
12345,104,1,1407,10/10/2024,22003344,TRUE
12345,104,1,1408,10/10/2024,22003344,TRUE
12345,104,1,1409,10/10/2024,22003344,TRUE
12345,104,1,1410,10/10/2024,22003344,TRUE
12345,104,1,1411,10/10/2024,22003344,TRUE
12345,104,1,1412,10/10/2024,22003344,TRUE
12345,104,1,1413,10/10/2024,22003344,TRUE
12345,104,1,1414,10/10/2024,22003344,TRUE
12345,104,1,1415,10/10/2024,22003344,TRUE
12345,104,1,1416,10/10/2024,22003344,TRUE
23456,104,1,1226,23/10/2024,66778822,TRUE
23456,104,1,1227,23/10/2024,66778822,TRUE
23456,104,1,1245,23/10/2024,66778822,TRUE
23456,104,1,1246,23/10/2024,66778822,TRUE
23456,104,1,1247,23/10/2024,66778822,TRUE
23456,104,1,1248,23/10/2024,66778822,TRUE
23456,104,1,1249,23/10/2024,66778822,TRUE
23456,104,1,1250,23/10/2024,66778822,TRUE
23456,104,1,1251,23/10/2024,66778822,TRUE
23456,104,1,1252,23/10/2024,66778822,TRUE
23456,104,1,1253,23/10/2024,66778822,TRUE
23456,104,1,1254,23/10/2024,66778822,TRUE
23456,104,1,1255,23/10/2024,66778822,TRUE
23456,104,1,1256,23/10/2024,66778822,TRUE
23456,104,1,1257,23/10/2024,66778822,TRUE
23456,104,1,1258,23/10/2024,66778822,TRUE
23456,104,1,1259,23/10/2024,66778822,TRUE
23456,104,1,1260,23/10/2024,66778822,TRUE
23456,104,1,1261,23/10/2024,66778822,TRUE
23456,104,1,1262,23/10/2024,66778822,TRUE
23456,104,1,1263,23/10/2024,66778822,TRUE
23456,104,1,1264,23/10/2024,66778822,TRUE
23456,104,1,1265,23/10/2024,66778822,TRUE
23456,104,1,1266,23/10/2024,66778822,TRUE
23456,104,1,1267,23/10/2024,66778822,TRUE
23456,104,1,1268,23/10/2024,66778822,TRUE
23456,104,1,1269,23/10/2024,66778822,TRUE
23456,104,1,1270,23/10/2024,66778822,TRUE
23456,104,1,1282,23/10/2024,66778822,TRUE
23456,104,1,1283,23/10/2024,66778822,TRUE
23456,104,1,1284,23/10/2024,66778822,TRUE
23456,104,1,1285,23/10/2024,66778822,TRUE
23456,104,1,1286,23/10/2024,66778822,TRUE
23456,104,1,1287,23/10/2024,66778822,TRUE
23456,104,1,1288,23/10/2024,66778822,TRUE
23456,104,1,1289,23/10/2024,66778822,TRUE
23456,104,1,1290,23/10/2024,66778822,TRUE
23456,104,1,1291,23/10/2024,66778822,TRUE
23456,104,1,1292,23/10/2024,66778822,TRUE
23456,104,1,1293,23/10/2024,66778822,TRUE
23456,104,1,1294,23/10/2024,66778822,TRUE
23456,104,1,1295,23/10/2024,66778822,TRUE
23456,104,1,1296,23/10/2024,66778822,TRUE
23456,104,1,1297,23/10/2024,66778822,TRUE
23456,104,1,1298,23/10/2024,66778822,TRUE
23456,104,1,1299,23/10/2024,66778822,TRUE
23456,104,1,1300,23/10/2024,66778822,TRUE
23456,104,1,1301,23/10/2024,66778822,TRUE
23456,104,1,1302,23/10/2024,66778822,TRUE
23456,104,1,1303,23/10/2024,66778822,TRUE
23456,104,1,1304,23/10/2024,66778822,TRUE
23456,104,1,1305,23/10/2024,66778822,TRUE
23456,104,1,1306,23/10/2024,66778822,TRUE
23456,104,1,1307,23/10/2024,66778822,TRUE
23456,104,1,1308,23/10/2024,66778822,TRUE
23456,104,1,1309,23/10/2024,66778822,TRUE
23456,104,1,1310,23/10/2024,66778822,TRUE
23456,104,1,1311,23/10/2024,66778822,TRUE
23456,104,1,1312,23/10/2024,66778822,TRUE
23456,104,1,1313,23/10/2024,66778822,TRUE
23456,104,1,1314,23/10/2024,66778822,TRUE
23456,104,1,1315,23/10/2024,66778822,TRUE
23456,104,1,1316,23/10/2024,66778822,TRUE
23456,104,1,1317,23/10/2024,66778822,TRUE
23456,104,1,1318,23/10/2024,66778822,TRUE
23456,104,1,1319,23/10/2024,66778822,TRUE
23456,104,1,1320,23/10/2024,66778822,TRUE
23456,104,1,1321,23/10/2024,66778822,TRUE
23456,104,1,1322,23/10/2024,66778822,TRUE
23456,104,1,1323,23/10/2024,66778822,TRUE
23456,104,1,1324,23/10/2024,66778822,TRUE
23456,104,1,1325,23/10/2024,66778822,TRUE
23456,104,1,1326,23/10/2024,66778822,TRUE
23456,104,1,1327,23/10/2024,66778822,TRUE
23456,104,1,1328,23/10/2024,66778822,TRUE
23456,104,1,1329,23/10/2024,66778822,TRUE
23456,104,1,1330,23/10/2024,66778822,TRUE
23456,104,1,1331,23/10/2024,66778822,TRUE
23456,104,1,1332,23/10/2024,66778822,TRUE
23456,104,1,1333,23/10/2024,66778822,TRUE
23456,104,1,1334,23/10/2024,66778822,TRUE
23456,104,1,1335,23/10/2024,66778822,TRUE
23456,104,1,1336,23/10/2024,66778822,TRUE
23456,104,1,1337,23/10/2024,66778822,TRUE
23456,104,1,1338,23/10/2024,66778822,TRUE
23456,104,1,1339,23/10/2024,66778822,TRUE
23456,104,1,1340,23/10/2024,66778822,TRUE
23456,104,1,1341,23/10/2024,66778822,TRUE
23456,104,1,1342,23/10/2024,66778822,TRUE
23456,104,1,1343,23/10/2024,66778822,TRUE
23456,104,1,1344,23/10/2024,66778822,TRUE
23456,104,1,1345,23/10/2024,66778822,TRUE
23456,104,1,1346,23/10/2024,66778822,TRUE
23456,104,1,1347,23/10/2024,66778822,TRUE
23456,104,1,1348,23/10/2024,66778822,TRUE
23456,104,1,1349,23/10/2024,66778822,TRUE
23456,104,1,1350,23/10/2024,66778822,TRUE
23456,104,1,1351,23/10/2024,66778822,TRUE
23456,104,1,1352,23/10/2024,66778822,TRUE
23456,104,1,1353,23/10/2024,66778822,TRUE
23456,104,1,1354,23/10/2024,66778822,TRUE
23456,104,1,1355,23/10/2024,66778822,TRUE
23456,104,1,1356,23/10/2024,66778822,TRUE
23456,104,1,1357,23/10/2024,66778822,TRUE
23456,104,1,1358,23/10/2024,66778822,TRUE
23456,104,1,1359,23/10/2024,66778822,TRUE
23456,104,1,1360,23/10/2024,66778822,TRUE
23456,104,1,1361,23/10/2024,66778822,TRUE
23456,104,1,1362,23/10/2024,66778822,TRUE
23456,104,1,1363,23/10/2024,66778822,TRUE
23456,104,1,1364,23/10/2024,66778822,TRUE
23456,104,1,1365,23/10/2024,66778822,TRUE
23456,104,1,1366,23/10/2024,66778822,TRUE
23456,104,1,1367,23/10/2024,66778822,TRUE
23456,104,1,1368,23/10/2024,66778822,TRUE
23456,104,1,1369,23/10/2024,66778822,TRUE
23456,104,1,1370,23/10/2024,66778822,TRUE
23456,104,1,1371,23/10/2024,66778822,TRUE
23456,104,1,1372,23/10/2024,66778822,TRUE
23456,104,1,1373,23/10/2024,66778822,TRUE
23456,104,1,1374,23/10/2024,66778822,TRUE
23456,104,1,1375,23/10/2024,66778822,TRUE
23456,104,1,1389,23/10/2024,66778822,TRUE
23456,104,1,1390,23/10/2024,66778822,TRUE
23456,104,1,1391,23/10/2024,66778822,TRUE
23456,104,1,1392,23/10/2024,66778822,TRUE
23456,104,1,1393,23/10/2024,66778822,TRUE
23456,104,1,1394,23/10/2024,66778822,TRUE
23456,104,1,1395,23/10/2024,66778822,TRUE
23456,104,1,1396,23/10/2024,66778822,TRUE
23456,104,1,1397,23/10/2024,66778822,TRUE
23456,104,1,1398,23/10/2024,66778822,TRUE
23456,104,1,1399,23/10/2024,66778822,TRUE
23456,104,1,1400,23/10/2024,66778822,TRUE
23456,104,1,1401,23/10/2024,66778822,TRUE
23456,104,1,1402,23/10/2024,66778822,TRUE
23456,104,1,1403,23/10/2024,66778822,TRUE
23456,104,1,1404,23/10/2024,66778822,TRUE
23456,104,1,1405,23/10/2024,66778822,TRUE
23456,104,1,1406,23/10/2024,66778822,TRUE
23456,104,1,1407,23/10/2024,66778822,TRUE
23456,104,1,1408,23/10/2024,66778822,TRUE
23456,104,1,1409,23/10/2024,66778822,TRUE
23456,104,1,1410,23/10/2024,66778822,TRUE
23456,104,1,1411,23/10/2024,66778822,TRUE
23456,104,1,1412,23/10/2024,66778822,TRUE
23456,104,1,1413,23/10/2024,66778822,TRUE
23456,104,1,1414,23/10/2024,66778822,TRUE
23456,104,1,1415,23/10/2024,66778822,TRUE
23456,104,1,1416,23/10/2024,66778822,TRUE
23456,104,1,1417,23/10/2024,66778822,TRUE
23456,104,1,1418,23/10/2024,66778822,TRUE
23456,104,1,1419,23/10/2024,66778822,TRUE
23456,104,1,1420,23/10/2024,66778822,TRUE
23456,104,1,1421,23/10/2024,66778822,TRUE
23456,104,1,1422,23/10/2024,66778822,TRUE
23456,104,1,1423,23/10/2024,66778822,TRUE
23456,104,1,1424,23/10/2024,66778822,TRUE
23456,104,1,1425,23/10/2024,66778822,TRUE
23456,104,1,1426,23/10/2024,66778822,TRUE
23456,104,1,1427,23/10/2024,66778822,TRUE
23456,104,1,1428,23/10/2024,66778822,TRUE
23456,104,1,1429,23/10/2024,66778822,TRUE
23456,104,1,1430,23/10/2024,66778822,TRUE
23456,104,1,1431,23/10/2024,66778822,TRUE
23456,104,1,1432,23/10/2024,66778822,TRUE
23456,104,1,1433,23/10/2024,66778822,TRUE
23456,104,1,1434,23/10/2024,66778822,TRUE
23456,104,1,1435,23/10/2024,66778822,TRUE
23456,104,1,1436,23/10/2024,66778822,TRUE
23456,104,1,1437,23/10/2024,66778822,TRUE
23456,104,1,1458,23/10/2024,66778822,TRUE
23456,104,1,1459,23/10/2024,66778822,TRUE
23456,104,1,1460,23/10/2024,66778822,TRUE
23456,104,1,1461,23/10/2024,66778822,TRUE
23456,104,1,1462,23/10/2024,66778822,TRUE
23456,104,1,1463,23/10/2024,66778822,TRUE
23456,104,1,1464,23/10/2024,66778822,TRUE
23456,104,1,1465,23/10/2024,66778822,TRUE
23456,104,1,1466,23/10/2024,66778822,TRUE
23456,104,1,1467,23/10/2024,66778822,TRUE
23456,104,1,1468,23/10/2024,66778822,TRUE
23456,104,1,1469,23/10/2024,66778822,TRUE
23456,104,1,1470,23/10/2024,66778822,TRUE
23456,104,1,1471,23/10/2024,66778822,TRUE
23456,104,1,1472,23/10/2024,66778822,TRUE
23456,104,1,1473,23/10/2024,66778822,TRUE
23456,104,1,1474,23/10/2024,66778822,TRUE
23456,104,1,1475,23/10/2024,66778822,TRUE
23456,104,1,1476,23/10/2024,66778822,TRUE
23456,104,1,1477,23/10/2024,66778822,TRUE
23456,104,1,1478,23/10/2024,66778822,TRUE
23456,104,1,1479,23/10/2024,66778822,TRUE
23456,104,1,1480,23/10/2024,66778822,TRUE
23456,104,1,1481,23/10/2024,66778822,TRUE
23456,104,1,1482,23/10/2024,66778822,TRUE
23456,104,1,1483,23/10/2024,66778822,TRUE
23456,104,1,1484,23/10/2024,66778822,TRUE
23456,104,1,1485,23/10/2024,66778822,TRUE
23456,104,1,1486,23/10/2024,66778822,TRUE
23456,104,1,1487,23/10/2024,66778822,TRUE
23456,104,1,1488,23/10/2024,66778822,TRUE
23456,104,1,1489,23/10/2024,66778822,TRUE
23456,104,1,1490,23/10/2024,66778822,TRUE
23456,104,1,1491,23/10/2024,66778822,TRUE
23456,104,1,1492,23/10/2024,66778822,TRUE
23456,104,1,1493,23/10/2024,66778822,TRUE
23456,104,1,1494,23/10/2024,66778822,TRUE
23456,104,1,1495,23/10/2024,66778822,TRUE
23456,104,1,1496,23/10/2024,66778822,TRUE
23456,104,1,1497,23/10/2024,66778822,TRUE
23456,104,1,1498,23/10/2024,66778822,TRUE
23456,104,1,1499,23/10/2024,66778822,TRUE
23456,104,1,1500,23/10/2024,66778822,TRUE
33422,104,1,1076,30/09/2024,88672134,TRUE
33422,104,1,1077,30/09/2024,88672134,TRUE
33422,104,1,1078,30/09/2024,88672134,TRUE
33422,104,1,1079,30/09/2024,88672134,TRUE
33422,104,1,1080,30/09/2024,88672134,TRUE
33422,104,1,1081,30/09/2024,88672134,TRUE
33422,104,1,1082,30/09/2024,88672134,TRUE
33422,104,1,1083,30/09/2024,88672134,TRUE
33422,104,1,1084,30/09/2024,88672134,TRUE
33422,104,1,1085,30/09/2024,88672134,TRUE
33422,104,1,1086,30/09/2024,88672134,TRUE
33422,104,1,1087,30/09/2024,88672134,TRUE
33422,104,1,1088,30/09/2024,88672134,TRUE
33422,104,1,1089,30/09/2024,88672134,TRUE
33422,104,1,1090,30/09/2024,88672134,TRUE
33422,104,1,1091,30/09/2024,88672134,TRUE
33422,104,1,1092,30/09/2024,88672134,TRUE
33422,104,1,1093,30/09/2024,88672134,TRUE
33422,104,1,1094,30/09/2024,88672134,TRUE
33422,104,1,1095,30/09/2024,88672134,TRUE
33422,104,1,1096,30/09/2024,88672134,TRUE
33422,104,1,1097,30/09/2024,88672134,TRUE
33422,104,1,1098,30/09/2024,88672134,TRUE
33422,104,1,1099,30/09/2024,88672134,TRUE
33422,104,1,1100,30/09/2024,88672134,TRUE
33422,104,1,1101,30/09/2024,88672134,TRUE
33422,104,1,1102,30/09/2024,88672134,TRUE
33422,104,1,1103,30/09/2024,88672134,TRUE
33422,104,1,1104,30/09/2024,88672134,TRUE
33422,104,1,1105,30/09/2024,88672134,TRUE
33422,104,1,1106,30/09/2024,88672134,TRUE
33422,104,1,1107,30/09/2024,88672134,TRUE
33422,104,1,1108,30/09/2024,88672134,TRUE
33422,104,1,1109,30/09/2024,88672134,TRUE
33422,104,1,1110,30/09/2024,88672134,TRUE
33422,104,1,1111,30/09/2024,88672134,TRUE
33422,104,1,1112,30/09/2024,88672134,TRUE
33422,104,1,1113,30/09/2024,88672134,TRUE
33422,104,1,1114,30/09/2024,88672134,TRUE
33422,104,1,1115,30/09/2024,88672134,TRUE
33422,104,1,1116,30/09/2024,88672134,TRUE
33422,104,1,1117,30/09/2024,88672134,TRUE
33422,104,1,1118,30/09/2024,88672134,TRUE
33422,104,1,1119,30/09/2024,88672134,TRUE
33422,104,1,1180,30/09/2024,88672134,TRUE
33422,104,1,1181,30/09/2024,88672134,TRUE
33422,104,1,1182,30/09/2024,88672134,TRUE
33422,104,1,1183,30/09/2024,88672134,TRUE
33422,104,1,1184,30/09/2024,88672134,TRUE
33422,104,1,1185,30/09/2024,88672134,TRUE
33422,104,1,1186,30/09/2024,88672134,TRUE
33422,104,1,1187,30/09/2024,88672134,TRUE
33422,104,1,1188,30/09/2024,88672134,TRUE
33422,104,1,1189,30/09/2024,88672134,TRUE
33422,104,1,1190,30/09/2024,88672134,TRUE
33422,104,1,1191,30/09/2024,88672134,TRUE
33422,104,1,1192,30/09/2024,88672134,TRUE
33422,104,1,1193,30/09/2024,88672134,TRUE
33422,104,1,1194,30/09/2024,88672134,TRUE
33422,104,1,1195,30/09/2024,88672134,TRUE
33422,104,1,1196,30/09/2024,88672134,TRUE
33422,104,1,1197,30/09/2024,88672134,TRUE
33422,104,1,1198,30/09/2024,88672134,TRUE
33422,104,1,1199,30/09/2024,88672134,TRUE
33422,104,1,1200,30/09/2024,88672134,TRUE
33422,104,1,1201,30/09/2024,88672134,TRUE
33422,104,1,1202,30/09/2024,88672134,TRUE
33422,104,1,1203,30/09/2024,88672134,TRUE
33422,104,1,1204,30/09/2024,88672134,TRUE
33422,104,1,1205,30/09/2024,88672134,TRUE
33422,104,1,1206,30/09/2024,88672134,TRUE
33422,104,1,1207,30/09/2024,88672134,TRUE
33422,104,1,1208,30/09/2024,88672134,TRUE
33422,104,1,1209,30/09/2024,88672134,TRUE
33422,104,1,1210,30/09/2024,88672134,TRUE
33422,104,1,1211,30/09/2024,88672134,TRUE
33422,104,1,1212,30/09/2024,88672134,TRUE
33422,104,1,1213,30/09/2024,88672134,TRUE
33422,104,1,1214,30/09/2024,88672134,TRUE
33422,104,1,1215,30/09/2024,88672134,TRUE
33422,104,1,1216,30/09/2024,88672134,TRUE
33422,104,1,1217,30/09/2024,88672134,TRUE
33422,104,1,1218,30/09/2024,88672134,TRUE
33422,104,1,1219,30/09/2024,88672134,TRUE
33422,104,1,1220,30/09/2024,88672134,TRUE
33422,104,1,1221,30/09/2024,88672134,TRUE
33422,104,1,1222,30/09/2024,88672134,TRUE
33422,104,1,1223,30/09/2024,88672134,TRUE
33422,104,1,1224,30/09/2024,88672134,TRUE
33422,104,1,1225,30/09/2024,88672134,TRUE
33422,104,1,1226,30/09/2024,88672134,TRUE
33422,104,1,1227,30/09/2024,88672134,TRUE
33422,104,1,1228,30/09/2024,88672134,TRUE
33422,104,1,1229,30/09/2024,88672134,TRUE
33422,104,1,1230,30/09/2024,88672134,TRUE
33422,104,1,1231,30/09/2024,88672134,TRUE
33422,104,1,1232,30/09/2024,88672134,TRUE
33422,104,1,1233,30/09/2024,88672134,TRUE
33422,104,1,1234,30/09/2024,88672134,TRUE
33422,104,1,1235,30/09/2024,88672134,TRUE
33422,104,1,1236,30/09/2024,88672134,TRUE
33422,104,1,1237,30/09/2024,88672134,TRUE
33422,104,1,1238,30/09/2024,88672134,TRUE
33422,104,1,1239,30/09/2024,88672134,TRUE
33422,104,1,1240,30/09/2024,88672134,TRUE
33422,104,1,1241,30/09/2024,88672134,TRUE
33422,104,1,1242,30/09/2024,88672134,TRUE
33422,104,1,1243,30/09/2024,88672134,TRUE
33422,104,1,1244,30/09/2024,88672134,TRUE
33422,104,1,1245,30/09/2024,88672134,TRUE
33422,104,1,1246,30/09/2024,88672134,TRUE
33422,104,1,1247,30/09/2024,88672134,TRUE
33422,104,1,1248,30/09/2024,88672134,TRUE
33422,104,1,1249,30/09/2024,88672134,TRUE
33422,104,1,1250,30/09/2024,88672134,TRUE
33422,104,1,1251,30/09/2024,88672134,TRUE
33422,104,1,1252,30/09/2024,88672134,TRUE
33422,104,1,1253,30/09/2024,88672134,TRUE
33422,104,1,1254,30/09/2024,88672134,TRUE
33422,104,1,1424,30/09/2024,88672134,TRUE
33422,104,1,1425,30/09/2024,88672134,TRUE
33422,104,1,1426,30/09/2024,88672134,TRUE
33422,104,1,1441,30/09/2024,88672134,TRUE
33422,104,1,1442,30/09/2024,88672134,TRUE
33422,104,1,1443,30/09/2024,88672134,TRUE
33422,104,1,1444,30/09/2024,88672134,TRUE
33422,104,1,1445,30/09/2024,88672134,TRUE
33422,104,1,1446,30/09/2024,88672134,TRUE
33422,104,1,1447,30/09/2024,88672134,TRUE
33422,104,1,1448,30/09/2024,88672134,TRUE
44567,104,1,1001,10/10/2024,9184331,TRUE
44567,104,1,1002,10/10/2024,9184331,TRUE
44567,104,1,1003,10/10/2024,9184331,TRUE
44567,104,1,1004,10/10/2024,9184331,TRUE
44567,104,1,1005,10/10/2024,9184331,TRUE
44567,104,1,1014,10/10/2024,9184331,TRUE
44567,104,1,1015,10/10/2024,9184331,TRUE
44567,104,1,1016,10/10/2024,9184331,TRUE
44567,104,1,1017,10/10/2024,9184331,TRUE
44567,104,1,1018,10/10/2024,9184331,TRUE
44567,104,1,1019,10/10/2024,9184331,TRUE
44567,104,1,1020,10/10/2024,9184331,TRUE
44567,104,1,1021,10/10/2024,9184331,TRUE
44567,104,1,1022,10/10/2024,9184331,TRUE
44567,104,1,1023,10/10/2024,9184331,TRUE
44567,104,1,1024,10/10/2024,9184331,TRUE
44567,104,1,1025,10/10/2024,9184331,TRUE
44567,104,1,1026,10/10/2024,9184331,TRUE
44567,104,1,1027,10/10/2024,9184331,TRUE
44567,104,1,1033,10/10/2024,9184331,TRUE
44567,104,1,1034,10/10/2024,9184331,TRUE
44567,104,1,1035,10/10/2024,9184331,TRUE
44567,104,1,1036,10/10/2024,9184331,TRUE
44567,104,1,1037,10/10/2024,9184331,TRUE
44567,104,1,1038,10/10/2024,9184331,TRUE
44567,104,1,1039,10/10/2024,9184331,TRUE
44567,104,1,1040,10/10/2024,9184331,TRUE
44567,104,1,1041,10/10/2024,9184331,TRUE
44567,104,1,1042,10/10/2024,9184331,TRUE
44567,104,1,1043,10/10/2024,9184331,TRUE
44567,104,1,1044,10/10/2024,9184331,TRUE
44567,104,1,1045,10/10/2024,9184331,TRUE
44567,104,1,1046,10/10/2024,9184331,TRUE
44567,104,1,1047,10/10/2024,9184331,TRUE
44567,104,1,1048,10/10/2024,9184331,TRUE
44567,104,1,1049,10/10/2024,9184331,TRUE
44567,104,1,1050,10/10/2024,9184331,TRUE
44567,104,1,1051,10/10/2024,9184331,TRUE
44567,104,1,1052,10/10/2024,9184331,TRUE
44567,104,1,1053,10/10/2024,9184331,TRUE
44567,104,1,1054,10/10/2024,9184331,TRUE
44567,104,1,1055,10/10/2024,9184331,TRUE
44567,104,1,1056,10/10/2024,9184331,TRUE
44567,104,1,1057,10/10/2024,9184331,TRUE
44567,104,1,1058,10/10/2024,9184331,TRUE
44567,104,1,1059,10/10/2024,9184331,TRUE
44567,104,1,1060,10/10/2024,9184331,TRUE
44567,104,1,1061,10/10/2024,9184331,TRUE
44567,104,1,1062,10/10/2024,9184331,TRUE
44567,104,1,1063,10/10/2024,9184331,TRUE
44567,104,1,1064,10/10/2024,9184331,TRUE
44567,104,1,1065,10/10/2024,9184331,TRUE
44567,104,1,1066,10/10/2024,9184331,TRUE
44567,104,1,1067,10/10/2024,9184331,TRUE
44567,104,1,1068,10/10/2024,9184331,TRUE
44567,104,1,1069,10/10/2024,9184331,TRUE
44567,104,1,1070,10/10/2024,9184331,TRUE
44567,104,1,1071,10/10/2024,9184331,TRUE
44567,104,1,1072,10/10/2024,9184331,TRUE
44567,104,1,1073,10/10/2024,9184331,TRUE
44567,104,1,1074,10/10/2024,9184331,TRUE
44567,104,1,1075,10/10/2024,9184331,TRUE
44567,104,1,1076,10/10/2024,9184331,TRUE
44567,104,1,1077,10/10/2024,9184331,TRUE
44567,104,1,1078,10/10/2024,9184331,TRUE
44567,104,1,1079,10/10/2024,9184331,TRUE
44567,104,1,1080,10/10/2024,9184331,TRUE
44567,104,1,1081,10/10/2024,9184331,TRUE
44567,104,1,1082,10/10/2024,9184331,TRUE
44567,104,1,1083,10/10/2024,9184331,TRUE
44567,104,1,1084,10/10/2024,9184331,TRUE
44567,104,1,1085,10/10/2024,9184331,TRUE
44567,104,1,1086,10/10/2024,9184331,TRUE
44567,104,1,1087,10/10/2024,9184331,TRUE
44567,104,1,1088,10/10/2024,9184331,TRUE
44567,104,1,1089,10/10/2024,9184331,TRUE
44567,104,1,1090,10/10/2024,9184331,TRUE
44567,104,1,1091,10/10/2024,9184331,TRUE
44567,104,1,1092,10/10/2024,9184331,TRUE
44567,104,1,1093,10/10/2024,9184331,TRUE
44567,104,1,1094,10/10/2024,9184331,TRUE
44567,104,1,1095,10/10/2024,9184331,TRUE
44567,104,1,1096,10/10/2024,9184331,TRUE
44567,104,1,1097,10/10/2024,9184331,TRUE
44567,104,1,1098,10/10/2024,9184331,TRUE
44567,104,1,1099,10/10/2024,9184331,TRUE
44567,104,1,1100,10/10/2024,9184331,TRUE
44567,104,1,1101,10/10/2024,9184331,TRUE
44567,104,1,1102,10/10/2024,9184331,TRUE
44567,104,1,1103,10/10/2024,9184331,TRUE
44567,104,1,1104,10/10/2024,9184331,TRUE
44567,104,1,1105,10/10/2024,9184331,TRUE
44567,104,1,1112,10/10/2024,9184331,TRUE
44567,104,1,1113,10/10/2024,9184331,TRUE
44567,104,1,1114,10/10/2024,9184331,TRUE
44567,104,1,1115,10/10/2024,9184331,TRUE
44567,104,1,1116,10/10/2024,9184331,TRUE
44567,104,1,1117,10/10/2024,9184331,TRUE
44567,104,1,1118,10/10/2024,9184331,TRUE
44567,104,1,1119,10/10/2024,9184331,TRUE
44567,104,1,1120,10/10/2024,9184331,TRUE
44567,104,1,1121,10/10/2024,9184331,TRUE
44567,104,1,1122,10/10/2024,9184331,TRUE
44567,104,1,1123,10/10/2024,9184331,TRUE
44567,104,1,1124,10/10/2024,9184331,TRUE
44567,104,1,1125,10/10/2024,9184331,TRUE
44567,104,1,1126,10/10/2024,9184331,TRUE
44567,104,1,1127,10/10/2024,9184331,TRUE
44567,104,1,1128,10/10/2024,9184331,TRUE
44567,104,1,1129,10/10/2024,9184331,TRUE
44567,104,1,1130,10/10/2024,9184331,TRUE
44567,104,1,1131,10/10/2024,9184331,TRUE
44567,104,1,1132,10/10/2024,9184331,TRUE
44567,104,1,1133,10/10/2024,9184331,TRUE
44567,104,1,1134,10/10/2024,9184331,TRUE
44567,104,1,1135,10/10/2024,9184331,TRUE
44567,104,1,1136,10/10/2024,9184331,TRUE
44567,104,1,1137,10/10/2024,9184331,TRUE
44567,104,1,1138,10/10/2024,9184331,TRUE
44567,104,1,1139,10/10/2024,9184331,TRUE
44567,104,1,1140,10/10/2024,9184331,TRUE
44567,104,1,1141,10/10/2024,9184331,TRUE
44567,104,1,1142,10/10/2024,9184331,TRUE
44567,104,1,1143,10/10/2024,9184331,TRUE
44567,104,1,1144,10/10/2024,9184331,TRUE
44567,104,1,1145,10/10/2024,9184331,TRUE
44567,104,1,1146,10/10/2024,9184331,TRUE
44567,104,1,1147,10/10/2024,9184331,TRUE
44567,104,1,1148,10/10/2024,9184331,TRUE
44567,104,1,1165,10/10/2024,9184331,TRUE
44567,104,1,1166,10/10/2024,9184331,TRUE
44567,104,1,1167,10/10/2024,9184331,TRUE
44567,104,1,1168,10/10/2024,9184331,TRUE
44567,104,1,1169,10/10/2024,9184331,TRUE
44567,104,1,1170,10/10/2024,9184331,TRUE
44567,104,1,1171,10/10/2024,9184331,TRUE
44567,104,1,1172,10/10/2024,9184331,TRUE
44567,104,1,1173,10/10/2024,9184331,TRUE
44567,104,1,1174,10/10/2024,9184331,TRUE
44567,104,1,1175,10/10/2024,9184331,TRUE
44567,104,1,1176,10/10/2024,9184331,TRUE
44567,104,1,1177,10/10/2024,9184331,TRUE
44567,104,1,1178,10/10/2024,9184331,TRUE
44567,104,1,1179,10/10/2024,9184331,TRUE
44567,104,1,1180,10/10/2024,9184331,TRUE
44567,104,1,1181,10/10/2024,9184331,TRUE
44567,104,1,1182,10/10/2024,9184331,TRUE
44567,104,1,1183,10/10/2024,9184331,TRUE
44567,104,1,1184,10/10/2024,9184331,TRUE
44567,104,1,1185,10/10/2024,9184331,TRUE
44567,104,1,1186,10/10/2024,9184331,TRUE
44567,104,1,1187,10/10/2024,9184331,TRUE
44567,104,1,1188,10/10/2024,9184331,TRUE
44567,104,1,1189,10/10/2024,9184331,TRUE
44567,104,1,1190,10/10/2024,9184331,TRUE
44567,104,1,1191,10/10/2024,9184331,TRUE
44567,104,1,1192,10/10/2024,9184331,TRUE
44567,104,1,1193,10/10/2024,9184331,TRUE
44567,104,1,1194,10/10/2024,9184331,TRUE
44567,104,1,1195,10/10/2024,9184331,TRUE
44567,104,1,1196,10/10/2024,9184331,TRUE
44567,104,1,1197,10/10/2024,9184331,TRUE
44567,104,1,1198,10/10/2024,9184331,TRUE
44567,104,1,1199,10/10/2024,9184331,TRUE
44567,104,1,1200,10/10/2024,9184331,TRUE
44567,104,1,1201,10/10/2024,9184331,TRUE
44567,104,1,1202,10/10/2024,9184331,TRUE
44567,104,1,1203,10/10/2024,9184331,TRUE
44567,104,1,1204,10/10/2024,9184331,TRUE
44567,104,1,1205,10/10/2024,9184331,TRUE
44567,104,1,1206,10/10/2024,9184331,TRUE
44567,104,1,1207,10/10/2024,9184331,TRUE
44567,104,1,1208,10/10/2024,9184331,TRUE
44567,104,1,1209,10/10/2024,9184331,TRUE
44567,104,1,1210,10/10/2024,9184331,TRUE
44567,104,1,1224,10/10/2024,9184331,TRUE
44567,104,1,1225,10/10/2024,9184331,TRUE
44567,104,1,1226,10/10/2024,9184331,TRUE
44567,104,1,1227,10/10/2024,9184331,TRUE
44567,104,1,1228,10/10/2024,9184331,TRUE
44567,104,1,1229,10/10/2024,9184331,TRUE
44567,104,1,1230,10/10/2024,9184331,TRUE
44567,104,1,1231,10/10/2024,9184331,TRUE
44567,104,1,1232,10/10/2024,9184331,TRUE
44567,104,1,1233,10/10/2024,9184331,TRUE
44567,104,1,1234,10/10/2024,9184331,TRUE
44567,104,1,1235,10/10/2024,9184331,TRUE
44567,104,1,1236,10/10/2024,9184331,TRUE
44567,104,1,1237,10/10/2024,9184331,TRUE
44567,104,1,1238,10/10/2024,9184331,TRUE
44567,104,1,1239,10/10/2024,9184331,TRUE
44567,104,1,1240,10/10/2024,9184331,TRUE
44567,104,1,1241,10/10/2024,9184331,TRUE
44567,104,1,1242,10/10/2024,9184331,TRUE
44567,104,1,1243,10/10/2024,9184331,TRUE
44567,104,1,1244,10/10/2024,9184331,TRUE
44567,104,1,1245,10/10/2024,9184331,TRUE
44567,104,1,1246,10/10/2024,9184331,TRUE
44567,104,1,1247,10/10/2024,9184331,TRUE
44567,104,1,1248,10/10/2024,9184331,TRUE
44567,104,1,1249,10/10/2024,9184331,TRUE
44567,104,1,1250,10/10/2024,9184331,TRUE
44567,104,1,1251,10/10/2024,9184331,TRUE
44567,104,1,1252,10/10/2024,9184331,TRUE
44567,104,1,1253,10/10/2024,9184331,TRUE
44567,104,1,1254,10/10/2024,9184331,TRUE
44567,104,1,1255,10/10/2024,9184331,TRUE
44567,104,1,1256,10/10/2024,9184331,TRUE
44567,104,1,1257,10/10/2024,9184331,TRUE
44567,104,1,1258,10/10/2024,9184331,TRUE
44567,104,1,1259,10/10/2024,9184331,TRUE
44567,104,1,1260,10/10/2024,9184331,TRUE
44567,104,1,1261,10/10/2024,9184331,TRUE
44567,104,1,1262,10/10/2024,9184331,TRUE
44567,104,1,1263,10/10/2024,9184331,TRUE
44567,104,1,1264,10/10/2024,9184331,TRUE
44567,104,1,1265,10/10/2024,9184331,TRUE
44567,104,1,1266,10/10/2024,9184331,TRUE
44567,104,1,1267,10/10/2024,9184331,TRUE
44567,104,1,1268,10/10/2024,9184331,TRUE
44567,104,1,1269,10/10/2024,9184331,TRUE
44567,104,1,1270,10/10/2024,9184331,TRUE
44567,104,1,1271,10/10/2024,9184331,TRUE
44567,104,1,1272,10/10/2024,9184331,TRUE
44567,104,1,1273,10/10/2024,9184331,TRUE
44567,104,1,1274,10/10/2024,9184331,TRUE
44567,104,1,1275,10/10/2024,9184331,TRUE
44567,104,1,1276,10/10/2024,9184331,TRUE
44567,104,1,1277,10/10/2024,9184331,TRUE
44567,104,1,1278,10/10/2024,9184331,TRUE
44567,104,1,1279,10/10/2024,9184331,TRUE
44567,104,1,1280,10/10/2024,9184331,TRUE
44567,104,1,1281,10/10/2024,9184331,TRUE
44567,104,1,1282,10/10/2024,9184331,TRUE
44567,104,1,1283,10/10/2024,9184331,TRUE
44567,104,1,1284,10/10/2024,9184331,TRUE
44567,104,1,1285,10/10/2024,9184331,TRUE
44567,104,1,1286,10/10/2024,9184331,TRUE
44567,104,1,1287,10/10/2024,9184331,TRUE
44567,104,1,1288,10/10/2024,9184331,TRUE
44567,104,1,1289,10/10/2024,9184331,TRUE
44567,104,1,1290,10/10/2024,9184331,TRUE
44567,104,1,1291,10/10/2024,9184331,TRUE
44567,104,1,1306,10/10/2024,9184331,TRUE
44567,104,1,1307,10/10/2024,9184331,TRUE
44567,104,1,1308,10/10/2024,9184331,TRUE
44567,104,1,1309,10/10/2024,9184331,TRUE
44567,104,1,1310,10/10/2024,9184331,TRUE
44567,104,1,1311,10/10/2024,9184331,TRUE
44567,104,1,1312,10/10/2024,9184331,TRUE
44567,104,1,1313,10/10/2024,9184331,TRUE
44567,104,1,1314,10/10/2024,9184331,TRUE
44567,104,1,1315,10/10/2024,9184331,TRUE
44567,104,1,1316,10/10/2024,9184331,TRUE
44567,104,1,1317,10/10/2024,9184331,TRUE
44567,104,1,1318,10/10/2024,9184331,TRUE
44567,104,1,1319,10/10/2024,9184331,TRUE
44567,104,1,1320,10/10/2024,9184331,TRUE
44567,104,1,1321,10/10/2024,9184331,TRUE
44567,104,1,1322,10/10/2024,9184331,TRUE
44567,104,1,1323,10/10/2024,9184331,TRUE
44567,104,1,1324,10/10/2024,9184331,TRUE
44567,104,1,1325,10/10/2024,9184331,TRUE
44567,104,1,1326,10/10/2024,9184331,TRUE
44567,104,1,1327,10/10/2024,9184331,TRUE
44567,104,1,1328,10/10/2024,9184331,TRUE
44567,104,1,1329,10/10/2024,9184331,TRUE
44567,104,1,1330,10/10/2024,9184331,TRUE
44567,104,1,1331,10/10/2024,9184331,TRUE
44567,104,1,1332,10/10/2024,9184331,TRUE
44567,104,1,1333,10/10/2024,9184331,TRUE
44567,104,1,1334,10/10/2024,9184331,TRUE
44567,104,1,1335,10/10/2024,9184331,TRUE
44567,104,1,1336,10/10/2024,9184331,TRUE
44567,104,1,1337,10/10/2024,9184331,TRUE
44567,104,1,1338,10/10/2024,9184331,TRUE
44567,104,1,1339,10/10/2024,9184331,TRUE
44567,104,1,1340,10/10/2024,9184331,TRUE
44567,104,1,1341,10/10/2024,9184331,TRUE
44567,104,1,1342,10/10/2024,9184331,TRUE
44567,104,1,1343,10/10/2024,9184331,TRUE
44567,104,1,1344,10/10/2024,9184331,TRUE
44567,104,1,1345,10/10/2024,9184331,TRUE
44567,104,1,1346,10/10/2024,9184331,TRUE
44567,104,1,1347,10/10/2024,9184331,TRUE
44567,104,1,1348,10/10/2024,9184331,TRUE
44567,104,1,1349,10/10/2024,9184331,TRUE
44567,104,1,1350,10/10/2024,9184331,TRUE
44567,104,1,1351,10/10/2024,9184331,TRUE
44567,104,1,1352,10/10/2024,9184331,TRUE
44567,104,1,1353,10/10/2024,9184331,TRUE
44567,104,1,1354,10/10/2024,9184331,TRUE
44567,104,1,1355,10/10/2024,9184331,TRUE
44567,104,1,1356,10/10/2024,9184331,TRUE
44567,104,1,1357,10/10/2024,9184331,TRUE
44567,104,1,1358,10/10/2024,9184331,TRUE
44567,104,1,1359,10/10/2024,9184331,TRUE
44567,104,1,1360,10/10/2024,9184331,TRUE
44567,104,1,1361,10/10/2024,9184331,TRUE
44567,104,1,1362,10/10/2024,9184331,TRUE
44567,104,1,1363,10/10/2024,9184331,TRUE
44567,104,1,1364,10/10/2024,9184331,TRUE
44567,104,1,1365,10/10/2024,9184331,TRUE
44567,104,1,1366,10/10/2024,9184331,TRUE
44567,104,1,1367,10/10/2024,9184331,TRUE
44567,104,1,1368,10/10/2024,9184331,TRUE
44567,104,1,1369,10/10/2024,9184331,TRUE
44567,104,1,1370,10/10/2024,9184331,TRUE
44567,104,1,1371,10/10/2024,9184331,TRUE
44567,104,1,1372,10/10/2024,9184331,TRUE
44567,104,1,1373,10/10/2024,9184331,TRUE
44567,104,1,1374,10/10/2024,9184331,TRUE
44567,104,1,1375,10/10/2024,9184331,TRUE
44567,104,1,1376,10/10/2024,9184331,TRUE
44567,104,1,1377,10/10/2024,9184331,TRUE
44567,104,1,1378,10/10/2024,9184331,TRUE
44567,104,1,1379,10/10/2024,9184331,TRUE
44567,104,1,1380,10/10/2024,9184331,TRUE
44567,104,1,1381,10/10/2024,9184331,TRUE
44567,104,1,1391,10/10/2024,9184331,TRUE
44567,104,1,1392,10/10/2024,9184331,TRUE
44567,104,1,1393,10/10/2024,9184331,TRUE
44567,104,1,1394,10/10/2024,9184331,TRUE
44567,104,1,1395,10/10/2024,9184331,TRUE
44567,104,1,1396,10/10/2024,9184331,TRUE
44567,104,1,1397,10/10/2024,9184331,TRUE
44567,104,1,1398,10/10/2024,9184331,TRUE
44567,104,1,1399,10/10/2024,9184331,TRUE
44567,104,1,1400,10/10/2024,9184331,TRUE
44567,104,1,1401,10/10/2024,9184331,TRUE
44567,104,1,1402,10/10/2024,9184331,TRUE
44567,104,1,1403,10/10/2024,9184331,TRUE
44567,104,1,1404,10/10/2024,9184331,TRUE
44567,104,1,1405,10/10/2024,9184331,TRUE
44567,104,1,1406,10/10/2024,9184331,TRUE
44567,104,1,1407,10/10/2024,9184331,TRUE
44567,104,1,1408,10/10/2024,9184331,TRUE
44567,104,1,1409,10/10/2024,9184331,TRUE
44567,104,1,1410,10/10/2024,9184331,TRUE
44567,104,1,1411,10/10/2024,9184331,TRUE
44567,104,1,1412,10/10/2024,9184331,TRUE
44567,104,1,1413,10/10/2024,9184331,TRUE
44567,104,1,1414,10/10/2024,9184331,TRUE
44567,104,1,1415,10/10/2024,9184331,TRUE
44567,104,1,1416,10/10/2024,9184331,TRUE
44567,104,1,1417,10/10/2024,9184331,TRUE
44567,104,1,1418,10/10/2024,9184331,TRUE
44567,104,1,1419,10/10/2024,9184331,TRUE
44567,104,1,1420,10/10/2024,9184331,TRUE
44567,104,1,1421,10/10/2024,9184331,TRUE
44567,104,1,1422,10/10/2024,9184331,TRUE
44567,104,1,1423,10/10/2024,9184331,TRUE
44567,104,1,1424,10/10/2024,9184331,TRUE
44567,104,1,1425,10/10/2024,9184331,TRUE
44567,104,1,1426,10/10/2024,9184331,TRUE
44567,104,1,1427,10/10/2024,9184331,TRUE
44567,104,1,1428,10/10/2024,9184331,TRUE
44567,104,1,1429,10/10/2024,9184331,TRUE
44567,104,1,1430,10/10/2024,9184331,TRUE
44567,104,1,1431,10/10/2024,9184331,TRUE
44567,104,1,1432,10/10/2024,9184331,TRUE
44567,104,1,1433,10/10/2024,9184331,TRUE
44567,104,1,1434,10/10/2024,9184331,TRUE
44567,104,1,1435,10/10/2024,9184331,TRUE
44567,104,1,1436,10/10/2024,9184331,TRUE
44567,104,1,1437,10/10/2024,9184331,TRUE
44567,104,1,1438,10/10/2024,9184331,TRUE
44567,104,1,1439,10/10/2024,9184331,TRUE
44567,104,1,1440,10/10/2024,9184331,TRUE
44567,104,1,1441,10/10/2024,9184331,TRUE
44567,104,1,1442,10/10/2024,9184331,TRUE
44567,104,1,1455,10/10/2024,9184331,TRUE
44567,104,1,1456,10/10/2024,9184331,TRUE
44567,104,1,1457,10/10/2024,9184331,TRUE
44567,104,1,1458,10/10/2024,9184331,TRUE
44567,104,1,1459,10/10/2024,9184331,TRUE
44567,104,1,1460,10/10/2024,9184331,TRUE
44567,104,1,1461,10/10/2024,9184331,TRUE
44567,104,1,1462,10/10/2024,9184331,TRUE
44567,104,1,1463,10/10/2024,9184331,TRUE
44567,104,1,1464,10/10/2024,9184331,TRUE
44567,104,1,1465,10/10/2024,9184331,TRUE
44567,104,1,1466,10/10/2024,9184331,TRUE
44567,104,1,1467,10/10/2024,9184331,TRUE
44567,104,1,1468,10/10/2024,9184331,TRUE
44567,104,1,1469,10/10/2024,9184331,TRUE
44567,104,1,1470,10/10/2024,9184331,TRUE
44567,104,1,1471,10/10/2024,9184331,TRUE
44567,104,1,1472,10/10/2024,9184331,TRUE
44567,104,1,1473,10/10/2024,9184331,TRUE
44567,104,1,1474,10/10/2024,9184331,TRUE
44567,104,1,1475,10/10/2024,9184331,TRUE
44567,104,1,1476,10/10/2024,9184331,TRUE
44567,104,1,1477,10/10/2024,9184331,TRUE
44567,104,1,1478,10/10/2024,9184331,TRUE
44567,104,1,1498,10/10/2024,9184331,TRUE
44567,104,1,1499,10/10/2024,9184331,TRUE
44567,104,1,1500,10/10/2024,9184331,TRUE
55678,104,1,1001,17/10/2024,77456739,TRUE
55678,104,1,1002,17/10/2024,77456739,TRUE
55678,104,1,1003,17/10/2024,77456739,TRUE
55678,104,1,1004,17/10/2024,77456739,TRUE
55678,104,1,1005,17/10/2024,77456739,TRUE
55678,104,1,1006,17/10/2024,77456739,TRUE
55678,104,1,1026,17/10/2024,77456739,TRUE
55678,104,1,1027,17/10/2024,77456739,TRUE
55678,104,1,1033,17/10/2024,77456739,TRUE
55678,104,1,1034,17/10/2024,77456739,TRUE
55678,104,1,1035,17/10/2024,77456739,TRUE
55678,104,1,1036,17/10/2024,77456739,TRUE
55678,104,1,1037,17/10/2024,77456739,TRUE
55678,104,1,1038,17/10/2024,77456739,TRUE
55678,104,1,1039,17/10/2024,77456739,TRUE
55678,104,1,1040,17/10/2024,77456739,TRUE
55678,104,1,1041,17/10/2024,77456739,TRUE
55678,104,1,1042,17/10/2024,77456739,TRUE
55678,104,1,1043,17/10/2024,77456739,TRUE
55678,104,1,1044,17/10/2024,77456739,TRUE
55678,104,1,1045,17/10/2024,77456739,TRUE
55678,104,1,1046,17/10/2024,77456739,TRUE
55678,104,1,1047,17/10/2024,77456739,TRUE
55678,104,1,1048,17/10/2024,77456739,TRUE
55678,104,1,1049,17/10/2024,77456739,TRUE
55678,104,1,1050,17/10/2024,77456739,TRUE
55678,104,1,1051,17/10/2024,77456739,TRUE
55678,104,1,1052,17/10/2024,77456739,TRUE
55678,104,1,1053,17/10/2024,77456739,TRUE
55678,104,1,1054,17/10/2024,77456739,TRUE
55678,104,1,1055,17/10/2024,77456739,TRUE
55678,104,1,1056,17/10/2024,77456739,TRUE
55678,104,1,1057,17/10/2024,77456739,TRUE
55678,104,1,1058,17/10/2024,77456739,TRUE
55678,104,1,1059,17/10/2024,77456739,TRUE
55678,104,1,1060,17/10/2024,77456739,TRUE
55678,104,1,1061,17/10/2024,77456739,TRUE
55678,104,1,1062,17/10/2024,77456739,TRUE
55678,104,1,1063,17/10/2024,77456739,TRUE
55678,104,1,1064,17/10/2024,77456739,TRUE
55678,104,1,1065,17/10/2024,77456739,TRUE
55678,104,1,1066,17/10/2024,77456739,TRUE
55678,104,1,1067,17/10/2024,77456739,TRUE
55678,104,1,1068,17/10/2024,77456739,TRUE
55678,104,1,1069,17/10/2024,77456739,TRUE
55678,104,1,1070,17/10/2024,77456739,TRUE
55678,104,1,1071,17/10/2024,77456739,TRUE
55678,104,1,1072,17/10/2024,77456739,TRUE
55678,104,1,1073,17/10/2024,77456739,TRUE
55678,104,1,1074,17/10/2024,77456739,TRUE
55678,104,1,1075,17/10/2024,77456739,TRUE
55678,104,1,1076,17/10/2024,77456739,TRUE
55678,104,1,1077,17/10/2024,77456739,TRUE
55678,104,1,1078,17/10/2024,77456739,TRUE
55678,104,1,1079,17/10/2024,77456739,TRUE
55678,104,1,1080,17/10/2024,77456739,TRUE
55678,104,1,1081,17/10/2024,77456739,TRUE
55678,104,1,1082,17/10/2024,77456739,TRUE
55678,104,1,1083,17/10/2024,77456739,TRUE
55678,104,1,1084,17/10/2024,77456739,TRUE
55678,104,1,1085,17/10/2024,77456739,TRUE
55678,104,1,1086,17/10/2024,77456739,TRUE
55678,104,1,1087,17/10/2024,77456739,TRUE
55678,104,1,1088,17/10/2024,77456739,TRUE
55678,104,1,1089,17/10/2024,77456739,TRUE
55678,104,1,1090,17/10/2024,77456739,TRUE
55678,104,1,1091,17/10/2024,77456739,TRUE
55678,104,1,1092,17/10/2024,77456739,TRUE
55678,104,1,1093,17/10/2024,77456739,TRUE
55678,104,1,1105,17/10/2024,77456739,TRUE
55678,104,1,1106,17/10/2024,77456739,TRUE
55678,104,1,1107,17/10/2024,77456739,TRUE
55678,104,1,1108,17/10/2024,77456739,TRUE
55678,104,1,1109,17/10/2024,77456739,TRUE
55678,104,1,1110,17/10/2024,77456739,TRUE
55678,104,1,1111,17/10/2024,77456739,TRUE
55678,104,1,1112,17/10/2024,77456739,TRUE
55678,104,1,1113,17/10/2024,77456739,TRUE
55678,104,1,1114,17/10/2024,77456739,TRUE
55678,104,1,1115,17/10/2024,77456739,TRUE
55678,104,1,1116,17/10/2024,77456739,TRUE
55678,104,1,1117,17/10/2024,77456739,TRUE
55678,104,1,1118,17/10/2024,77456739,TRUE
55678,104,1,1119,17/10/2024,77456739,TRUE
55678,104,1,1120,17/10/2024,77456739,TRUE
55678,104,1,1121,17/10/2024,77456739,TRUE
55678,104,1,1122,17/10/2024,77456739,TRUE
55678,104,1,1123,17/10/2024,77456739,TRUE
55678,104,1,1146,17/10/2024,77456739,TRUE
55678,104,1,1147,17/10/2024,77456739,TRUE
55678,104,1,1148,17/10/2024,77456739,TRUE
55678,104,1,1149,17/10/2024,77456739,TRUE
55678,104,1,1150,17/10/2024,77456739,TRUE
55678,104,1,1151,17/10/2024,77456739,TRUE
55678,104,1,1155,17/10/2024,77456739,TRUE
55678,104,1,1156,17/10/2024,77456739,TRUE
55678,104,1,1157,17/10/2024,77456739,TRUE
55678,104,1,1158,17/10/2024,77456739,TRUE
55678,104,1,1159,17/10/2024,77456739,TRUE
55678,104,1,1160,17/10/2024,77456739,TRUE
55678,104,1,1161,17/10/2024,77456739,TRUE
55678,104,1,1162,17/10/2024,77456739,TRUE
55678,104,1,1163,17/10/2024,77456739,TRUE
55678,104,1,1164,17/10/2024,77456739,TRUE
55678,104,1,1165,17/10/2024,77456739,TRUE
55678,104,1,1166,17/10/2024,77456739,TRUE
55678,104,1,1167,17/10/2024,77456739,TRUE
55678,104,1,1168,17/10/2024,77456739,TRUE
55678,104,1,1169,17/10/2024,77456739,TRUE
55678,104,1,1170,17/10/2024,77456739,TRUE
55678,104,1,1171,17/10/2024,77456739,TRUE
55678,104,1,1172,17/10/2024,77456739,TRUE
55678,104,1,1173,17/10/2024,77456739,TRUE
55678,104,1,1174,17/10/2024,77456739,TRUE
55678,104,1,1196,17/10/2024,77456739,TRUE
55678,104,1,1197,17/10/2024,77456739,TRUE
55678,104,1,1198,17/10/2024,77456739,TRUE
55678,104,1,1199,17/10/2024,77456739,TRUE
55678,104,1,1200,17/10/2024,77456739,TRUE
55678,104,1,1201,17/10/2024,77456739,TRUE
55678,104,1,1202,17/10/2024,77456739,TRUE
55678,104,1,1203,17/10/2024,77456739,TRUE
55678,104,1,1204,17/10/2024,77456739,TRUE
55678,104,1,1205,17/10/2024,77456739,TRUE
55678,104,1,1206,17/10/2024,77456739,TRUE
55678,104,1,1207,17/10/2024,77456739,TRUE
55678,104,1,1208,17/10/2024,77456739,TRUE
55678,104,1,1209,17/10/2024,77456739,TRUE
55678,104,1,1210,17/10/2024,77456739,TRUE
55678,104,1,1211,17/10/2024,77456739,TRUE
55678,104,1,1212,17/10/2024,77456739,TRUE
55678,104,1,1213,17/10/2024,77456739,TRUE
55678,104,1,1214,17/10/2024,77456739,TRUE
55678,104,1,1215,17/10/2024,77456739,TRUE
55678,104,1,1216,17/10/2024,77456739,TRUE
55678,104,1,1219,17/10/2024,77456739,TRUE
55678,104,1,1220,17/10/2024,77456739,TRUE
55678,104,1,1221,17/10/2024,77456739,TRUE
55678,104,1,1222,17/10/2024,77456739,TRUE
55678,104,1,1223,17/10/2024,77456739,TRUE
55678,104,1,1224,17/10/2024,77456739,TRUE
55678,104,1,1225,17/10/2024,77456739,TRUE
55678,104,1,1226,17/10/2024,77456739,TRUE
55678,104,1,1227,17/10/2024,77456739,TRUE
55678,104,1,1228,17/10/2024,77456739,TRUE
55678,104,1,1242,17/10/2024,77456739,TRUE
55678,104,1,1243,17/10/2024,77456739,TRUE
55678,104,1,1244,17/10/2024,77456739,TRUE
55678,104,1,1245,17/10/2024,77456739,TRUE
55678,104,1,1246,17/10/2024,77456739,TRUE
55678,104,1,1247,17/10/2024,77456739,TRUE
55678,104,1,1248,17/10/2024,77456739,TRUE
55678,104,1,1249,17/10/2024,77456739,TRUE
55678,104,1,1250,17/10/2024,77456739,TRUE
55678,104,1,1251,17/10/2024,77456739,TRUE
55678,104,1,1252,17/10/2024,77456739,TRUE
55678,104,1,1253,17/10/2024,77456739,TRUE
55678,104,1,1254,17/10/2024,77456739,TRUE
55678,104,1,1255,17/10/2024,77456739,TRUE
55678,104,1,1256,17/10/2024,77456739,TRUE
55678,104,1,1257,17/10/2024,77456739,TRUE
55678,104,1,1258,17/10/2024,77456739,TRUE
55678,104,1,1276,17/10/2024,77456739,TRUE
55678,104,1,1277,17/10/2024,77456739,TRUE
55678,104,1,1278,17/10/2024,77456739,TRUE
55678,104,1,1279,17/10/2024,77456739,TRUE
55678,104,1,1280,17/10/2024,77456739,TRUE
55678,104,1,1281,17/10/2024,77456739,TRUE
55678,104,1,1282,17/10/2024,77456739,TRUE
55678,104,1,1283,17/10/2024,77456739,TRUE
55678,104,1,1284,17/10/2024,77456739,TRUE
55678,104,1,1285,17/10/2024,77456739,TRUE
55678,104,1,1286,17/10/2024,77456739,TRUE
55678,104,1,1287,17/10/2024,77456739,TRUE
55678,104,1,1288,17/10/2024,77456739,TRUE
55678,104,1,1289,17/10/2024,77456739,TRUE
55678,104,1,1290,17/10/2024,77456739,TRUE
55678,104,1,1291,17/10/2024,77456739,TRUE
55678,104,1,1292,17/10/2024,77456739,TRUE
55678,104,1,1293,17/10/2024,77456739,TRUE
55678,104,1,1294,17/10/2024,77456739,TRUE
55678,104,1,1295,17/10/2024,77456739,TRUE
55678,104,1,1296,17/10/2024,77456739,TRUE
55678,104,1,1297,17/10/2024,77456739,TRUE
55678,104,1,1298,17/10/2024,77456739,TRUE
55678,104,1,1299,17/10/2024,77456739,TRUE
55678,104,1,1300,17/10/2024,77456739,TRUE
55678,104,1,1301,17/10/2024,77456739,TRUE
55678,104,1,1317,17/10/2024,77456739,TRUE
55678,104,1,1318,17/10/2024,77456739,TRUE
55678,104,1,1319,17/10/2024,77456739,TRUE
55678,104,1,1320,17/10/2024,77456739,TRUE
55678,104,1,1321,17/10/2024,77456739,TRUE
55678,104,1,1322,17/10/2024,77456739,TRUE
55678,104,1,1323,17/10/2024,77456739,TRUE
55678,104,1,1324,17/10/2024,77456739,TRUE
55678,104,1,1325,17/10/2024,77456739,TRUE
55678,104,1,1326,17/10/2024,77456739,TRUE
55678,104,1,1327,17/10/2024,77456739,TRUE
55678,104,1,1328,17/10/2024,77456739,TRUE
55678,104,1,1329,17/10/2024,77456739,TRUE
55678,104,1,1330,17/10/2024,77456739,TRUE
55678,104,1,1331,17/10/2024,77456739,TRUE
55678,104,1,1332,17/10/2024,77456739,TRUE
55678,104,1,1333,17/10/2024,77456739,TRUE
55678,104,1,1334,17/10/2024,77456739,TRUE
55678,104,1,1335,17/10/2024,77456739,TRUE
55678,104,1,1336,17/10/2024,77456739,TRUE
55678,104,1,1337,17/10/2024,77456739,TRUE
55678,104,1,1338,17/10/2024,77456739,TRUE
55678,104,1,1339,17/10/2024,77456739,TRUE
55678,104,1,1340,17/10/2024,77456739,TRUE
55678,104,1,1341,17/10/2024,77456739,TRUE
55678,104,1,1342,17/10/2024,77456739,TRUE
55678,104,1,1343,17/10/2024,77456739,TRUE
55678,104,1,1344,17/10/2024,77456739,TRUE
55678,104,1,1345,17/10/2024,77456739,TRUE
55678,104,1,1346,17/10/2024,77456739,TRUE
55678,104,1,1347,17/10/2024,77456739,TRUE
55678,104,1,1348,17/10/2024,77456739,TRUE
55678,104,1,1349,17/10/2024,77456739,TRUE
55678,104,1,1350,17/10/2024,77456739,TRUE
55678,104,1,1351,17/10/2024,77456739,TRUE
55678,104,1,1352,17/10/2024,77456739,TRUE
55678,104,1,1353,17/10/2024,77456739,TRUE
55678,104,1,1354,17/10/2024,77456739,TRUE
55678,104,1,1355,17/10/2024,77456739,TRUE
55678,104,1,1356,17/10/2024,77456739,TRUE
55678,104,1,1357,17/10/2024,77456739,TRUE
55678,104,1,1358,17/10/2024,77456739,TRUE
55678,104,1,1359,17/10/2024,77456739,TRUE
55678,104,1,1360,17/10/2024,77456739,TRUE
55678,104,1,1361,17/10/2024,77456739,TRUE
55678,104,1,1362,17/10/2024,77456739,TRUE
55678,104,1,1363,17/10/2024,77456739,TRUE
55678,104,1,1364,17/10/2024,77456739,TRUE
55678,104,1,1365,17/10/2024,77456739,TRUE
55678,104,1,1366,17/10/2024,77456739,TRUE
55678,104,1,1367,17/10/2024,77456739,TRUE
55678,104,1,1368,17/10/2024,77456739,TRUE
55678,104,1,1369,17/10/2024,77456739,TRUE
55678,104,1,1370,17/10/2024,77456739,TRUE
55678,104,1,1371,17/10/2024,77456739,TRUE
55678,104,1,1372,17/10/2024,77456739,TRUE
55678,104,1,1373,17/10/2024,77456739,TRUE
55678,104,1,1374,17/10/2024,77456739,TRUE
55678,104,1,1375,17/10/2024,77456739,TRUE
55678,104,1,1376,17/10/2024,77456739,TRUE
55678,104,1,1377,17/10/2024,77456739,TRUE
55678,104,1,1378,17/10/2024,77456739,TRUE
55678,104,1,1379,17/10/2024,77456739,TRUE
55678,104,1,1380,17/10/2024,77456739,TRUE
55678,104,1,1381,17/10/2024,77456739,TRUE
55678,104,1,1382,17/10/2024,77456739,TRUE
55678,104,1,1383,17/10/2024,77456739,TRUE
55678,104,1,1384,17/10/2024,77456739,TRUE
55678,104,1,1385,17/10/2024,77456739,TRUE
55678,104,1,1386,17/10/2024,77456739,TRUE
55678,104,1,1387,17/10/2024,77456739,TRUE
55678,104,1,1388,17/10/2024,77456739,TRUE
55678,104,1,1389,17/10/2024,77456739,TRUE
55678,104,1,1390,17/10/2024,77456739,TRUE
55678,104,1,1391,17/10/2024,77456739,TRUE
55678,104,1,1392,17/10/2024,77456739,TRUE
55678,104,1,1393,17/10/2024,77456739,TRUE
55678,104,1,1394,17/10/2024,77456739,TRUE
55678,104,1,1395,17/10/2024,77456739,TRUE
55678,104,1,1396,17/10/2024,77456739,TRUE
55678,104,1,1397,17/10/2024,77456739,TRUE
55678,104,1,1398,17/10/2024,77456739,TRUE
55678,104,1,1399,17/10/2024,77456739,TRUE
55678,104,1,1400,17/10/2024,77456739,TRUE
55678,104,1,1401,17/10/2024,77456739,TRUE
55678,104,1,1402,17/10/2024,77456739,TRUE
55678,104,1,1403,17/10/2024,77456739,TRUE
55678,104,1,1421,17/10/2024,77456739,TRUE
55678,104,1,1425,17/10/2024,77456739,TRUE
55678,104,1,1426,17/10/2024,77456739,TRUE
55678,104,1,1427,17/10/2024,77456739,TRUE
55678,104,1,1428,17/10/2024,77456739,TRUE
55678,104,1,1429,17/10/2024,77456739,TRUE
55678,104,1,1430,17/10/2024,77456739,TRUE
55678,104,1,1431,17/10/2024,77456739,TRUE
55678,104,1,1442,17/10/2024,77456739,TRUE
55678,104,1,1443,17/10/2024,77456739,TRUE
55678,104,1,1444,17/10/2024,77456739,TRUE
55678,104,1,1445,17/10/2024,77456739,TRUE
55678,104,1,1446,17/10/2024,77456739,TRUE
55678,104,1,1447,17/10/2024,77456739,TRUE
55678,104,1,1448,17/10/2024,77456739,TRUE
55678,104,1,1449,17/10/2024,77456739,TRUE
55678,104,1,1450,17/10/2024,77456739,TRUE
55678,104,1,1451,17/10/2024,77456739,TRUE
55678,104,1,1452,17/10/2024,77456739,TRUE
55678,104,1,1453,17/10/2024,77456739,TRUE
55678,104,1,1454,17/10/2024,77456739,TRUE
55678,104,1,1455,17/10/2024,77456739,TRUE
55678,104,1,1456,17/10/2024,77456739,TRUE
55678,104,1,1457,17/10/2024,77456739,TRUE
55678,104,1,1458,17/10/2024,77456739,TRUE
55678,104,1,1459,17/10/2024,77456739,TRUE
55678,104,1,1460,17/10/2024,77456739,TRUE
55678,104,1,1461,17/10/2024,77456739,TRUE
55678,104,1,1462,17/10/2024,77456739,TRUE
55678,104,1,1463,17/10/2024,77456739,TRUE
55678,104,1,1464,17/10/2024,77456739,TRUE
55678,104,1,1465,17/10/2024,77456739,TRUE
55678,104,1,1466,17/10/2024,77456739,TRUE
55678,104,1,1467,17/10/2024,77456739,TRUE
55678,104,1,1468,17/10/2024,77456739,TRUE
55678,104,1,1469,17/10/2024,77456739,TRUE
55678,104,1,1470,17/10/2024,77456739,TRUE
55678,104,1,1485,17/10/2024,77456739,TRUE
55678,104,1,1486,17/10/2024,77456739,TRUE
55678,104,1,1487,17/10/2024,77456739,TRUE
55678,104,1,1496,17/10/2024,77456739,TRUE
55678,104,1,1497,17/10/2024,77456739,TRUE
55678,104,1,1498,17/10/2024,77456739,TRUE
55678,104,1,1499,17/10/2024,77456739,TRUE
55678,104,1,1500,17/10/2024,77456739,TRUE
67821,104,1,1001,22/10/2024,76452891,TRUE
67821,104,1,1002,22/10/2024,76452891,TRUE
67821,104,1,1003,22/10/2024,76452891,TRUE
67821,104,1,1004,22/10/2024,76452891,TRUE
67821,104,1,1034,22/10/2024,76452891,TRUE
67821,104,1,1035,22/10/2024,76452891,TRUE
67821,104,1,1036,22/10/2024,76452891,TRUE
67821,104,1,1037,22/10/2024,76452891,TRUE
67821,104,1,1038,22/10/2024,76452891,TRUE
67821,104,1,1039,22/10/2024,76452891,TRUE
67821,104,1,1040,22/10/2024,76452891,TRUE
67821,104,1,1041,22/10/2024,76452891,TRUE
67821,104,1,1042,22/10/2024,76452891,TRUE
67821,104,1,1043,22/10/2024,76452891,TRUE
67821,104,1,1044,22/10/2024,76452891,TRUE
67821,104,1,1045,22/10/2024,76452891,TRUE
67821,104,1,1046,22/10/2024,76452891,TRUE
67821,104,1,1047,22/10/2024,76452891,TRUE
67821,104,1,1048,22/10/2024,76452891,TRUE
67821,104,1,1049,22/10/2024,76452891,TRUE
67821,104,1,1050,22/10/2024,76452891,TRUE
67821,104,1,1051,22/10/2024,76452891,TRUE
67821,104,1,1052,22/10/2024,76452891,TRUE
67821,104,1,1053,22/10/2024,76452891,TRUE
67821,104,1,1054,22/10/2024,76452891,TRUE
67821,104,1,1055,22/10/2024,76452891,TRUE
67821,104,1,1056,22/10/2024,76452891,TRUE
67821,104,1,1057,22/10/2024,76452891,TRUE
67821,104,1,1058,22/10/2024,76452891,TRUE
67821,104,1,1059,22/10/2024,76452891,TRUE
67821,104,1,1060,22/10/2024,76452891,TRUE
67821,104,1,1061,22/10/2024,76452891,TRUE
67821,104,1,1062,22/10/2024,76452891,TRUE
67821,104,1,1063,22/10/2024,76452891,TRUE
67821,104,1,1064,22/10/2024,76452891,TRUE
67821,104,1,1065,22/10/2024,76452891,TRUE
67821,104,1,1066,22/10/2024,76452891,TRUE
67821,104,1,1067,22/10/2024,76452891,TRUE
67821,104,1,1068,22/10/2024,76452891,TRUE
67821,104,1,1069,22/10/2024,76452891,TRUE
67821,104,1,1070,22/10/2024,76452891,TRUE
67821,104,1,1071,22/10/2024,76452891,TRUE
67821,104,1,1072,22/10/2024,76452891,TRUE
67821,104,1,1073,22/10/2024,76452891,TRUE
67821,104,1,1074,22/10/2024,76452891,TRUE
67821,104,1,1075,22/10/2024,76452891,TRUE
67821,104,1,1076,22/10/2024,76452891,TRUE
67821,104,1,1095,22/10/2024,76452891,TRUE
67821,104,1,1096,22/10/2024,76452891,TRUE
67821,104,1,1097,22/10/2024,76452891,TRUE
67821,104,1,1098,22/10/2024,76452891,TRUE
67821,104,1,1099,22/10/2024,76452891,TRUE
67821,104,1,1100,22/10/2024,76452891,TRUE
67821,104,1,1101,22/10/2024,76452891,TRUE
67821,104,1,1102,22/10/2024,76452891,TRUE
67821,104,1,1103,22/10/2024,76452891,TRUE
67821,104,1,1104,22/10/2024,76452891,TRUE
67821,104,1,1105,22/10/2024,76452891,TRUE
67821,104,1,1106,22/10/2024,76452891,TRUE
67821,104,1,1107,22/10/2024,76452891,TRUE
67821,104,1,1108,22/10/2024,76452891,TRUE
67821,104,1,1109,22/10/2024,76452891,TRUE
67821,104,1,1110,22/10/2024,76452891,TRUE
67821,104,1,1111,22/10/2024,76452891,TRUE
67821,104,1,1112,22/10/2024,76452891,TRUE
67821,104,1,1113,22/10/2024,76452891,TRUE
67821,104,1,1114,22/10/2024,76452891,TRUE
67821,104,1,1115,22/10/2024,76452891,TRUE
67821,104,1,1116,22/10/2024,76452891,TRUE
67821,104,1,1117,22/10/2024,76452891,TRUE
67821,104,1,1118,22/10/2024,76452891,TRUE
67821,104,1,1131,22/10/2024,76452891,TRUE
67821,104,1,1132,22/10/2024,76452891,TRUE
67821,104,1,1133,22/10/2024,76452891,TRUE
67821,104,1,1134,22/10/2024,76452891,TRUE
67821,104,1,1135,22/10/2024,76452891,TRUE
67821,104,1,1136,22/10/2024,76452891,TRUE
67821,104,1,1137,22/10/2024,76452891,TRUE
67821,104,1,1138,22/10/2024,76452891,TRUE
67821,104,1,1139,22/10/2024,76452891,TRUE
67821,104,1,1140,22/10/2024,76452891,TRUE
67821,104,1,1141,22/10/2024,76452891,TRUE
67821,104,1,1142,22/10/2024,76452891,TRUE
67821,104,1,1143,22/10/2024,76452891,TRUE
67821,104,1,1144,22/10/2024,76452891,TRUE
67821,104,1,1145,22/10/2024,76452891,TRUE
67821,104,1,1146,22/10/2024,76452891,TRUE
67821,104,1,1147,22/10/2024,76452891,TRUE
67821,104,1,1148,22/10/2024,76452891,TRUE
67821,104,1,1149,22/10/2024,76452891,TRUE
67821,104,1,1150,22/10/2024,76452891,TRUE
67821,104,1,1151,22/10/2024,76452891,TRUE
67821,104,1,1155,22/10/2024,76452891,TRUE
67821,104,1,1156,22/10/2024,76452891,TRUE
67821,104,1,1157,22/10/2024,76452891,TRUE
67821,104,1,1158,22/10/2024,76452891,TRUE
67821,104,1,1159,22/10/2024,76452891,TRUE
67821,104,1,1160,22/10/2024,76452891,TRUE
67821,104,1,1161,22/10/2024,76452891,TRUE
67821,104,1,1162,22/10/2024,76452891,TRUE
67821,104,1,1163,22/10/2024,76452891,TRUE
67821,104,1,1164,22/10/2024,76452891,TRUE
67821,104,1,1165,22/10/2024,76452891,TRUE
67821,104,1,1166,22/10/2024,76452891,TRUE
67821,104,1,1167,22/10/2024,76452891,TRUE
67821,104,1,1168,22/10/2024,76452891,TRUE
67821,104,1,1169,22/10/2024,76452891,TRUE
67821,104,1,1170,22/10/2024,76452891,TRUE
67821,104,1,1171,22/10/2024,76452891,TRUE
67821,104,1,1172,22/10/2024,76452891,TRUE
67821,104,1,1173,22/10/2024,76452891,TRUE
67821,104,1,1174,22/10/2024,76452891,TRUE
67821,104,1,1175,22/10/2024,76452891,TRUE
67821,104,1,1176,22/10/2024,76452891,TRUE
67821,104,1,1177,22/10/2024,76452891,TRUE
67821,104,1,1178,22/10/2024,76452891,TRUE
67821,104,1,1179,22/10/2024,76452891,TRUE
67821,104,1,1180,22/10/2024,76452891,TRUE
67821,104,1,1181,22/10/2024,76452891,TRUE
67821,104,1,1182,22/10/2024,76452891,TRUE
67821,104,1,1183,22/10/2024,76452891,TRUE
67821,104,1,1184,22/10/2024,76452891,TRUE
67821,104,1,1185,22/10/2024,76452891,TRUE
67821,104,1,1186,22/10/2024,76452891,TRUE
67821,104,1,1187,22/10/2024,76452891,TRUE
67821,104,1,1188,22/10/2024,76452891,TRUE
67821,104,1,1189,22/10/2024,76452891,TRUE
67821,104,1,1190,22/10/2024,76452891,TRUE
67821,104,1,1191,22/10/2024,76452891,TRUE
67821,104,1,1192,22/10/2024,76452891,TRUE
67821,104,1,1193,22/10/2024,76452891,TRUE
67821,104,1,1194,22/10/2024,76452891,TRUE
67821,104,1,1195,22/10/2024,76452891,TRUE
67821,104,1,1196,22/10/2024,76452891,TRUE
67821,104,1,1197,22/10/2024,76452891,TRUE
67821,104,1,1198,22/10/2024,76452891,TRUE
67821,104,1,1199,22/10/2024,76452891,TRUE
67821,104,1,1200,22/10/2024,76452891,TRUE
67821,104,1,1201,22/10/2024,76452891,TRUE
67821,104,1,1202,22/10/2024,76452891,TRUE
67821,104,1,1203,22/10/2024,76452891,TRUE
67821,104,1,1204,22/10/2024,76452891,TRUE
67821,104,1,1205,22/10/2024,76452891,TRUE
67821,104,1,1206,22/10/2024,76452891,TRUE
67821,104,1,1207,22/10/2024,76452891,TRUE
67821,104,1,1208,22/10/2024,76452891,TRUE
67821,104,1,1209,22/10/2024,76452891,TRUE
67821,104,1,1210,22/10/2024,76452891,TRUE
67821,104,1,1211,22/10/2024,76452891,TRUE
67821,104,1,1212,22/10/2024,76452891,TRUE
67821,104,1,1213,22/10/2024,76452891,TRUE
67821,104,1,1231,22/10/2024,76452891,TRUE
67821,104,1,1232,22/10/2024,76452891,TRUE
67821,104,1,1233,22/10/2024,76452891,TRUE
67821,104,1,1234,22/10/2024,76452891,TRUE
67821,104,1,1235,22/10/2024,76452891,TRUE
67821,104,1,1236,22/10/2024,76452891,TRUE
67821,104,1,1237,22/10/2024,76452891,TRUE
67821,104,1,1238,22/10/2024,76452891,TRUE
67821,104,1,1239,22/10/2024,76452891,TRUE
67821,104,1,1240,22/10/2024,76452891,TRUE
67821,104,1,1241,22/10/2024,76452891,TRUE
67821,104,1,1242,22/10/2024,76452891,TRUE
67821,104,1,1243,22/10/2024,76452891,TRUE
67821,104,1,1244,22/10/2024,76452891,TRUE
67821,104,1,1245,22/10/2024,76452891,TRUE
67821,104,1,1246,22/10/2024,76452891,TRUE
67821,104,1,1247,22/10/2024,76452891,TRUE
67821,104,1,1248,22/10/2024,76452891,TRUE
67821,104,1,1249,22/10/2024,76452891,TRUE
67821,104,1,1250,22/10/2024,76452891,TRUE
67821,104,1,1251,22/10/2024,76452891,TRUE
67821,104,1,1252,22/10/2024,76452891,TRUE
67821,104,1,1256,22/10/2024,76452891,TRUE
67821,104,1,1257,22/10/2024,76452891,TRUE
67821,104,1,1258,22/10/2024,76452891,TRUE
67821,104,1,1259,22/10/2024,76452891,TRUE
67821,104,1,1260,22/10/2024,76452891,TRUE
67821,104,1,1261,22/10/2024,76452891,TRUE
67821,104,1,1262,22/10/2024,76452891,TRUE
67821,104,1,1263,22/10/2024,76452891,TRUE
67821,104,1,1264,22/10/2024,76452891,TRUE
67821,104,1,1265,22/10/2024,76452891,TRUE
67821,104,1,1266,22/10/2024,76452891,TRUE
67821,104,1,1267,22/10/2024,76452891,TRUE
67821,104,1,1268,22/10/2024,76452891,TRUE
67821,104,1,1269,22/10/2024,76452891,TRUE
67821,104,1,1270,22/10/2024,76452891,TRUE
67821,104,1,1271,22/10/2024,76452891,TRUE
67821,104,1,1272,22/10/2024,76452891,TRUE
67821,104,1,1273,22/10/2024,76452891,TRUE
67821,104,1,1274,22/10/2024,76452891,TRUE
67821,104,1,1275,22/10/2024,76452891,TRUE
67821,104,1,1276,22/10/2024,76452891,TRUE
67821,104,1,1277,22/10/2024,76452891,TRUE
67821,104,1,1278,22/10/2024,76452891,TRUE
67821,104,1,1279,22/10/2024,76452891,TRUE
67821,104,1,1280,22/10/2024,76452891,TRUE
67821,104,1,1281,22/10/2024,76452891,TRUE
67821,104,1,1282,22/10/2024,76452891,TRUE
67821,104,1,1283,22/10/2024,76452891,TRUE
67821,104,1,1284,22/10/2024,76452891,TRUE
67821,104,1,1285,22/10/2024,76452891,TRUE
67821,104,1,1286,22/10/2024,76452891,TRUE
67821,104,1,1287,22/10/2024,76452891,TRUE
67821,104,1,1288,22/10/2024,76452891,TRUE
67821,104,1,1289,22/10/2024,76452891,TRUE
67821,104,1,1290,22/10/2024,76452891,TRUE
67821,104,1,1291,22/10/2024,76452891,TRUE
67821,104,1,1292,22/10/2024,76452891,TRUE
67821,104,1,1293,22/10/2024,76452891,TRUE
67821,104,1,1294,22/10/2024,76452891,TRUE
67821,104,1,1295,22/10/2024,76452891,TRUE
67821,104,1,1296,22/10/2024,76452891,TRUE
67821,104,1,1297,22/10/2024,76452891,TRUE
67821,104,1,1298,22/10/2024,76452891,TRUE
67821,104,1,1299,22/10/2024,76452891,TRUE
67821,104,1,1300,22/10/2024,76452891,TRUE
67821,104,1,1301,22/10/2024,76452891,TRUE
67821,104,1,1302,22/10/2024,76452891,TRUE
67821,104,1,1303,22/10/2024,76452891,TRUE
67821,104,1,1304,22/10/2024,76452891,TRUE
67821,104,1,1305,22/10/2024,76452891,TRUE
67821,104,1,1306,22/10/2024,76452891,TRUE
67821,104,1,1307,22/10/2024,76452891,TRUE
67821,104,1,1308,22/10/2024,76452891,TRUE
67821,104,1,1309,22/10/2024,76452891,TRUE
67821,104,1,1310,22/10/2024,76452891,TRUE
67821,104,1,1311,22/10/2024,76452891,TRUE
67821,104,1,1312,22/10/2024,76452891,TRUE
67821,104,1,1313,22/10/2024,76452891,TRUE
67821,104,1,1314,22/10/2024,76452891,TRUE
67821,104,1,1315,22/10/2024,76452891,TRUE
67821,104,1,1316,22/10/2024,76452891,TRUE
67821,104,1,1317,22/10/2024,76452891,TRUE
67821,104,1,1318,22/10/2024,76452891,TRUE
67821,104,1,1319,22/10/2024,76452891,TRUE
67821,104,1,1320,22/10/2024,76452891,TRUE
67821,104,1,1321,22/10/2024,76452891,TRUE
67821,104,1,1322,22/10/2024,76452891,TRUE
67821,104,1,1323,22/10/2024,76452891,TRUE
67821,104,1,1324,22/10/2024,76452891,TRUE
67821,104,1,1325,22/10/2024,76452891,TRUE
67821,104,1,1344,22/10/2024,76452891,TRUE
67821,104,1,1345,22/10/2024,76452891,TRUE
67821,104,1,1346,22/10/2024,76452891,TRUE
67821,104,1,1347,22/10/2024,76452891,TRUE
67821,104,1,1348,22/10/2024,76452891,TRUE
67821,104,1,1349,22/10/2024,76452891,TRUE
67821,104,1,1350,22/10/2024,76452891,TRUE
67821,104,1,1351,22/10/2024,76452891,TRUE
67821,104,1,1352,22/10/2024,76452891,TRUE
67821,104,1,1353,22/10/2024,76452891,TRUE
67821,104,1,1354,22/10/2024,76452891,TRUE
67821,104,1,1355,22/10/2024,76452891,TRUE
67821,104,1,1356,22/10/2024,76452891,TRUE
67821,104,1,1357,22/10/2024,76452891,TRUE
67821,104,1,1358,22/10/2024,76452891,TRUE
67821,104,1,1359,22/10/2024,76452891,TRUE
67821,104,1,1360,22/10/2024,76452891,TRUE
67821,104,1,1361,22/10/2024,76452891,TRUE
67821,104,1,1362,22/10/2024,76452891,TRUE
67821,104,1,1363,22/10/2024,76452891,TRUE
67821,104,1,1364,22/10/2024,76452891,TRUE
67821,104,1,1365,22/10/2024,76452891,TRUE
67821,104,1,1366,22/10/2024,76452891,TRUE
67821,104,1,1367,22/10/2024,76452891,TRUE
67821,104,1,1368,22/10/2024,76452891,TRUE
67821,104,1,1369,22/10/2024,76452891,TRUE
67821,104,1,1370,22/10/2024,76452891,TRUE
67821,104,1,1371,22/10/2024,76452891,TRUE
67821,104,1,1390,22/10/2024,76452891,TRUE
67821,104,1,1391,22/10/2024,76452891,TRUE
67821,104,1,1392,22/10/2024,76452891,TRUE
67821,104,1,1393,22/10/2024,76452891,TRUE
67821,104,1,1394,22/10/2024,76452891,TRUE
67821,104,1,1395,22/10/2024,76452891,TRUE
67821,104,1,1396,22/10/2024,76452891,TRUE
67821,104,1,1397,22/10/2024,76452891,TRUE
67821,104,1,1398,22/10/2024,76452891,TRUE
67821,104,1,1399,22/10/2024,76452891,TRUE
67821,104,1,1400,22/10/2024,76452891,TRUE
67821,104,1,1401,22/10/2024,76452891,TRUE
67821,104,1,1402,22/10/2024,76452891,TRUE
67821,104,1,1403,22/10/2024,76452891,TRUE
67821,104,1,1404,22/10/2024,76452891,TRUE
67821,104,1,1405,22/10/2024,76452891,TRUE
67821,104,1,1406,22/10/2024,76452891,TRUE
67821,104,1,1407,22/10/2024,76452891,TRUE
67821,104,1,1408,22/10/2024,76452891,TRUE
67821,104,1,1409,22/10/2024,76452891,TRUE
67821,104,1,1410,22/10/2024,76452891,TRUE
67821,104,1,1411,22/10/2024,76452891,TRUE
67821,104,1,1412,22/10/2024,76452891,TRUE
67821,104,1,1413,22/10/2024,76452891,TRUE
67821,104,1,1418,22/10/2024,76452891,TRUE
67821,104,1,1419,22/10/2024,76452891,TRUE
67821,104,1,1420,22/10/2024,76452891,TRUE
67821,104,1,1421,22/10/2024,76452891,TRUE
67821,104,1,1425,22/10/2024,76452891,TRUE
67821,104,1,1426,22/10/2024,76452891,TRUE
67821,104,1,1427,22/10/2024,76452891,TRUE
67821,104,1,1428,22/10/2024,76452891,TRUE
67821,104,1,1429,22/10/2024,76452891,TRUE
67821,104,1,1430,22/10/2024,76452891,TRUE
67821,104,1,1431,22/10/2024,76452891,TRUE
67821,104,1,1442,22/10/2024,76452891,TRUE
67821,104,1,1443,22/10/2024,76452891,TRUE
67821,104,1,1444,22/10/2024,76452891,TRUE
67821,104,1,1445,22/10/2024,76452891,TRUE
67821,104,1,1446,22/10/2024,76452891,TRUE
67821,104,1,1447,22/10/2024,76452891,TRUE
67821,104,1,1448,22/10/2024,76452891,TRUE
67821,104,1,1449,22/10/2024,76452891,TRUE
67821,104,1,1450,22/10/2024,76452891,TRUE
67821,104,1,1451,22/10/2024,76452891,TRUE
67821,104,1,1473,22/10/2024,76452891,TRUE
67821,104,1,1474,22/10/2024,76452891,TRUE
67821,104,1,1496,22/10/2024,76452891,TRUE
67821,104,1,1497,22/10/2024,76452891,TRUE
67821,104,1,1498,22/10/2024,76452891,TRUE
67821,104,1,1499,22/10/2024,76452891,TRUE
67821,104,1,1500,22/10/2024,76452891,TRUE